,vref,source,target,word_score
0,GEN 1:1,in,am,0.9109447440879194
1,GEN 1:1,in,anfang,3.3887619850170754e-44
2,GEN 1:1,in,schuf,3.3887619850170754e-44
3,GEN 1:1,in,gott,3.3887619850170754e-44
4,GEN 1:1,in,himmel,3.3887619850170754e-44
5,GEN 1:1,in,und,3.3887619850170754e-44
6,GEN 1:1,in,erde,3.3887619850170754e-44
7,GEN 1:1,the,am,0.0025948731870579886
8,GEN 1:1,the,anfang,0.00045581297153797826
9,GEN 1:1,the,schuf,3.3661819368257673e-44
10,GEN 1:1,the,gott,0.06404997175922418
11,GEN 1:1,the,himmel,0.0005340689430176316
12,GEN 1:1,the,und,0.14610905196998894
13,GEN 1:1,the,erde,1.3883503167252055e-19
14,GEN 1:1,beginning,am,3.3887619850170754e-44
15,GEN 1:1,beginning,anfang,0.9109447440879194
16,GEN 1:1,beginning,schuf,3.3887619850170754e-44
17,GEN 1:1,beginning,gott,3.3887619850170754e-44
18,GEN 1:1,beginning,himmel,3.3887619850170754e-44
19,GEN 1:1,beginning,und,3.3887619850170754e-44
20,GEN 1:1,beginning,erde,3.3887619850170754e-44
21,GEN 1:1,god,am,2.696010048902261e-44
22,GEN 1:1,god,anfang,2.828980121632878e-44
23,GEN 1:1,god,schuf,9.238474430325982e-41
24,GEN 1:1,god,gott,0.8238995817435532
25,GEN 1:1,god,himmel,2.819010608590727e-44
26,GEN 1:1,god,und,0.06149595236501601
27,GEN 1:1,god,erde,1.222359287002054e-44
28,GEN 1:1,created,am,3.3887619850170754e-44
29,GEN 1:1,created,anfang,3.3887619850170754e-44
30,GEN 1:1,created,schuf,0.9109447440879194
31,GEN 1:1,created,gott,3.3887619850170754e-44
32,GEN 1:1,created,himmel,3.3887619850170754e-44
33,GEN 1:1,created,und,3.3887619850170754e-44
34,GEN 1:1,created,erde,3.3887619850170754e-44
35,GEN 1:1,the,am,0.0025948731870579886
36,GEN 1:1,the,anfang,0.00045581297153797826
37,GEN 1:1,the,schuf,3.3661819368257673e-44
38,GEN 1:1,the,gott,0.06404997175922418
39,GEN 1:1,the,himmel,0.0005340689430176316
40,GEN 1:1,the,und,0.14610905196998894
41,GEN 1:1,the,erde,1.3883503167252055e-19
42,GEN 1:1,heaven,am,3.3887619850170754e-44
43,GEN 1:1,heaven,anfang,3.3887619850170754e-44
44,GEN 1:1,heaven,schuf,3.3887619850170754e-44
45,GEN 1:1,heaven,gott,3.3887619850170754e-44
46,GEN 1:1,heaven,himmel,0.9109447440879194
47,GEN 1:1,heaven,und,3.3887619850170754e-44
48,GEN 1:1,heaven,erde,3.3887619850170754e-44
49,GEN 1:1,and,am,2.696010048902261e-44
50,GEN 1:1,and,anfang,2.828980121632878e-44
51,GEN 1:1,and,schuf,3.3347055053981686e-44
52,GEN 1:1,and,gott,0.0005808268161470141
53,GEN 1:1,and,himmel,2.819010608590727e-44
54,GEN 1:1,and,und,0.46856703561196517
55,GEN 1:1,and,erde,1.222359287002054e-44
56,GEN 1:1,the,am,0.0025948731870579886
57,GEN 1:1,the,anfang,0.00045581297153797826
58,GEN 1:1,the,schuf,3.3661819368257673e-44
59,GEN 1:1,the,gott,0.06404997175922418
60,GEN 1:1,the,himmel,0.0005340689430176316
61,GEN 1:1,the,und,0.14610905196998894
62,GEN 1:1,the,erde,1.3883503167252055e-19
63,GEN 1:1,earth,am,2.696010048902261e-44
64,GEN 1:1,earth,anfang,2.828980121632878e-44
65,GEN 1:1,earth,schuf,3.3347055053981686e-44
66,GEN 1:1,earth,gott,1.2248831178135886e-44
67,GEN 1:1,earth,himmel,2.819010608590727e-44
68,GEN 1:1,earth,und,1.2248831178135886e-44
69,GEN 1:1,earth,erde,0.8862171549333484
70,GEN 1:2,and,und,0.46856703561196517
71,GEN 1:2,and,die,0.5938438995168998
72,GEN 1:2,and,erde,1.222359287002054e-44
73,GEN 1:2,and,war,0.007815642366957311
74,GEN 1:2,and,wüst,0.041087226241759145
75,GEN 1:2,and,und,0.46856703561196517
76,GEN 1:2,and,leer,0.041087226241759145
77,GEN 1:2,and,und,0.46856703561196517
78,GEN 1:2,and,es,0.0030129645659542933
79,GEN 1:2,and,war,0.007815642366957311
80,GEN 1:2,and,finster,1.54658685774318e-41
81,GEN 1:2,and,auf,3.5240180370426096e-45
82,GEN 1:2,and,der,3.281363220917859e-45
83,GEN 1:2,and,tiefe,1.5465797087194255e-41
84,GEN 1:2,and,und,0.46856703561196517
85,GEN 1:2,and,der,3.281363220917859e-45
86,GEN 1:2,and,geist,3.565920719878654e-44
87,GEN 1:2,and,gottes,1.5437433503668534e-42
88,GEN 1:2,and,schwebte,1.5462532769673992e-41
89,GEN 1:2,and,auf,3.5240180370426096e-45
90,GEN 1:2,and,dem,1.54658685774318e-41
91,GEN 1:2,and,wasser,2.98561390540376e-44
92,GEN 1:2,the,und,0.14610905196998894
93,GEN 1:2,the,die,0.04000996343825453
94,GEN 1:2,the,erde,1.3883503167252055e-19
95,GEN 1:2,the,war,1.7214455063498668e-09
96,GEN 1:2,the,wüst,1.54658685774318e-41
97,GEN 1:2,the,und,0.14610905196998894
98,GEN 1:2,the,leer,1.54658685774318e-41
99,GEN 1:2,the,und,0.14610905196998894
100,GEN 1:2,the,es,8.281755466393365e-45
101,GEN 1:2,the,war,1.7214455063498668e-09
102,GEN 1:2,the,finster,0.04574622903481879
103,GEN 1:2,the,auf,0.0012653378537037046
104,GEN 1:2,the,der,0.5841401280850187
105,GEN 1:2,the,tiefe,0.04574622903481879
106,GEN 1:2,the,und,0.14610905196998894
107,GEN 1:2,the,der,0.5841401280850187
108,GEN 1:2,the,geist,1.6349241765840914e-07
109,GEN 1:2,the,gottes,0.022880468413021406
110,GEN 1:2,the,schwebte,0.04484934957762565
111,GEN 1:2,the,auf,0.0012653378537037046
112,GEN 1:2,the,dem,0.0004592514261061671
113,GEN 1:2,the,wasser,2.98561390540376e-44
114,GEN 1:2,earth,und,1.2248831178135886e-44
115,GEN 1:2,earth,die,1.5005573611877436e-44
116,GEN 1:2,earth,erde,0.8862171549333484
117,GEN 1:2,earth,war,1.2248831178135886e-44
118,GEN 1:2,earth,wüst,1.54658685774318e-41
119,GEN 1:2,earth,und,1.2248831178135886e-44
120,GEN 1:2,earth,leer,1.54658685774318e-41
121,GEN 1:2,earth,und,1.2248831178135886e-44
122,GEN 1:2,earth,es,1.2248831178135886e-44
123,GEN 1:2,earth,war,1.2248831178135886e-44
124,GEN 1:2,earth,finster,1.54658685774318e-41
125,GEN 1:2,earth,auf,1.2248831178135886e-44
126,GEN 1:2,earth,der,1.2248831178135886e-44
127,GEN 1:2,earth,tiefe,1.5465797087194255e-41
128,GEN 1:2,earth,und,1.2248831178135886e-44
129,GEN 1:2,earth,der,1.2248831178135886e-44
130,GEN 1:2,earth,geist,3.565920719878654e-44
131,GEN 1:2,earth,gottes,1.5437433503668534e-42
132,GEN 1:2,earth,schwebte,1.5462532769673992e-41
133,GEN 1:2,earth,auf,1.2248831178135886e-44
134,GEN 1:2,earth,dem,1.54658685774318e-41
135,GEN 1:2,earth,wasser,2.98561390540376e-44
136,GEN 1:2,was,und,3.9769558199855035e-06
137,GEN 1:2,was,die,1.5005573611877436e-44
138,GEN 1:2,was,erde,1.222359287002054e-44
139,GEN 1:2,was,war,0.7665888687361028
140,GEN 1:2,was,wüst,1.54658685774318e-41
141,GEN 1:2,was,und,3.9769558199855035e-06
142,GEN 1:2,was,leer,1.54658685774318e-41
143,GEN 1:2,was,und,3.9769558199855035e-06
144,GEN 1:2,was,es,0.11172998918241318
145,GEN 1:2,was,war,0.7665888687361028
146,GEN 1:2,was,finster,1.54658685774318e-41
147,GEN 1:2,was,auf,6.054029172683512e-45
148,GEN 1:2,was,der,6.054029172683512e-45
149,GEN 1:2,was,tiefe,1.5465797087194255e-41
150,GEN 1:2,was,und,3.9769558199855035e-06
151,GEN 1:2,was,der,6.054029172683512e-45
152,GEN 1:2,was,geist,3.565920719878654e-44
153,GEN 1:2,was,gottes,1.5437433503668534e-42
154,GEN 1:2,was,schwebte,1.5462532769673992e-41
155,GEN 1:2,was,auf,6.054029172683512e-45
156,GEN 1:2,was,dem,1.54658685774318e-41
157,GEN 1:2,was,wasser,2.98561390540376e-44
158,GEN 1:2,without,und,0.022888689150487404
159,GEN 1:2,without,die,1.54658685774318e-41
160,GEN 1:2,without,erde,1.54658685774318e-41
161,GEN 1:2,without,war,0.0012111547634542396
162,GEN 1:2,without,wüst,1.54658685774318e-41
163,GEN 1:2,without,und,0.022888689150487404
164,GEN 1:2,without,leer,1.54658685774318e-41
165,GEN 1:2,without,und,0.022888689150487404
166,GEN 1:2,without,es,1.54658685774318e-41
167,GEN 1:2,without,war,0.0012111547634542396
168,GEN 1:2,without,finster,1.54658685774318e-41
169,GEN 1:2,without,auf,1.54658685774318e-41
170,GEN 1:2,without,der,1.54658685774318e-41
171,GEN 1:2,without,tiefe,1.54658685774318e-41
172,GEN 1:2,without,und,0.022888689150487404
173,GEN 1:2,without,der,1.54658685774318e-41
174,GEN 1:2,without,geist,1.54658685774318e-41
175,GEN 1:2,without,gottes,1.54658685774318e-41
176,GEN 1:2,without,schwebte,1.54658685774318e-41
177,GEN 1:2,without,auf,1.54658685774318e-41
178,GEN 1:2,without,dem,1.54658685774318e-41
179,GEN 1:2,without,wasser,1.54658685774318e-41
180,GEN 1:2,form,und,0.03197200773665437
181,GEN 1:2,form,die,1.54658685774318e-41
182,GEN 1:2,form,erde,1.54658685774318e-41
183,GEN 1:2,form,war,1.54658685774318e-41
184,GEN 1:2,form,wüst,1.54658685774318e-41
185,GEN 1:2,form,und,0.03197200773665437
186,GEN 1:2,form,leer,1.54658685774318e-41
187,GEN 1:2,form,und,0.03197200773665437
188,GEN 1:2,form,es,1.54658685774318e-41
189,GEN 1:2,form,war,1.54658685774318e-41
190,GEN 1:2,form,finster,1.54658685774318e-41
191,GEN 1:2,form,auf,1.54658685774318e-41
192,GEN 1:2,form,der,1.54658685774318e-41
193,GEN 1:2,form,tiefe,1.54658685774318e-41
194,GEN 1:2,form,und,0.03197200773665437
195,GEN 1:2,form,der,1.54658685774318e-41
196,GEN 1:2,form,geist,1.54658685774318e-41
197,GEN 1:2,form,gottes,1.54658685774318e-41
198,GEN 1:2,form,schwebte,1.54658685774318e-41
199,GEN 1:2,form,auf,1.54658685774318e-41
200,GEN 1:2,form,dem,1.54658685774318e-41
201,GEN 1:2,form,wasser,1.54658685774318e-41
202,GEN 1:2,and,und,0.46856703561196517
203,GEN 1:2,and,die,0.5938438995168998
204,GEN 1:2,and,erde,1.222359287002054e-44
205,GEN 1:2,and,war,0.007815642366957311
206,GEN 1:2,and,wüst,0.041087226241759145
207,GEN 1:2,and,und,0.46856703561196517
208,GEN 1:2,and,leer,0.041087226241759145
209,GEN 1:2,and,und,0.46856703561196517
210,GEN 1:2,and,es,0.0030129645659542933
211,GEN 1:2,and,war,0.007815642366957311
212,GEN 1:2,and,finster,1.54658685774318e-41
213,GEN 1:2,and,auf,3.5240180370426096e-45
214,GEN 1:2,and,der,3.281363220917859e-45
215,GEN 1:2,and,tiefe,1.5465797087194255e-41
216,GEN 1:2,and,und,0.46856703561196517
217,GEN 1:2,and,der,3.281363220917859e-45
218,GEN 1:2,and,geist,3.565920719878654e-44
219,GEN 1:2,and,gottes,1.5437433503668534e-42
220,GEN 1:2,and,schwebte,1.5462532769673992e-41
221,GEN 1:2,and,auf,3.5240180370426096e-45
222,GEN 1:2,and,dem,1.54658685774318e-41
223,GEN 1:2,and,wasser,2.98561390540376e-44
224,GEN 1:2,void,und,0.03197201729291063
225,GEN 1:2,void,die,1.54658685774318e-41
226,GEN 1:2,void,erde,1.54658685774318e-41
227,GEN 1:2,void,war,1.54658685774318e-41
228,GEN 1:2,void,wüst,1.54658685774318e-41
229,GEN 1:2,void,und,0.03197201729291063
230,GEN 1:2,void,leer,1.54658685774318e-41
231,GEN 1:2,void,und,0.03197201729291063
232,GEN 1:2,void,es,1.54658685774318e-41
233,GEN 1:2,void,war,1.54658685774318e-41
234,GEN 1:2,void,finster,1.54658685774318e-41
235,GEN 1:2,void,auf,1.54658685774318e-41
236,GEN 1:2,void,der,1.54658685774318e-41
237,GEN 1:2,void,tiefe,1.54658685774318e-41
238,GEN 1:2,void,und,0.03197201729291063
239,GEN 1:2,void,der,1.54658685774318e-41
240,GEN 1:2,void,geist,1.54658685774318e-41
241,GEN 1:2,void,gottes,1.54658685774318e-41
242,GEN 1:2,void,schwebte,1.54658685774318e-41
243,GEN 1:2,void,auf,1.54658685774318e-41
244,GEN 1:2,void,dem,1.54658685774318e-41
245,GEN 1:2,void,wasser,1.54658685774318e-41
246,GEN 1:2,and,und,0.46856703561196517
247,GEN 1:2,and,die,0.5938438995168998
248,GEN 1:2,and,erde,1.222359287002054e-44
249,GEN 1:2,and,war,0.007815642366957311
250,GEN 1:2,and,wüst,0.041087226241759145
251,GEN 1:2,and,und,0.46856703561196517
252,GEN 1:2,and,leer,0.041087226241759145
253,GEN 1:2,and,und,0.46856703561196517
254,GEN 1:2,and,es,0.0030129645659542933
255,GEN 1:2,and,war,0.007815642366957311
256,GEN 1:2,and,finster,1.54658685774318e-41
257,GEN 1:2,and,auf,3.5240180370426096e-45
258,GEN 1:2,and,der,3.281363220917859e-45
259,GEN 1:2,and,tiefe,1.5465797087194255e-41
260,GEN 1:2,and,und,0.46856703561196517
261,GEN 1:2,and,der,3.281363220917859e-45
262,GEN 1:2,and,geist,3.565920719878654e-44
263,GEN 1:2,and,gottes,1.5437433503668534e-42
264,GEN 1:2,and,schwebte,1.5462532769673992e-41
265,GEN 1:2,and,auf,3.5240180370426096e-45
266,GEN 1:2,and,dem,1.54658685774318e-41
267,GEN 1:2,and,wasser,2.98561390540376e-44
268,GEN 1:2,darkness,und,0.035054326826131216
269,GEN 1:2,darkness,die,1.5005573611877436e-44
270,GEN 1:2,darkness,erde,1.222359287002054e-44
271,GEN 1:2,darkness,war,1.140359289417608e-44
272,GEN 1:2,darkness,wüst,1.54658685774318e-41
273,GEN 1:2,darkness,und,0.035054326826131216
274,GEN 1:2,darkness,leer,1.54658685774318e-41
275,GEN 1:2,darkness,und,0.035054326826131216
276,GEN 1:2,darkness,es,1.140359289417608e-44
277,GEN 1:2,darkness,war,1.140359289417608e-44
278,GEN 1:2,darkness,finster,1.54658685774318e-41
279,GEN 1:2,darkness,auf,1.140359289417608e-44
280,GEN 1:2,darkness,der,1.140359289417608e-44
281,GEN 1:2,darkness,tiefe,1.5465797087194255e-41
282,GEN 1:2,darkness,und,0.035054326826131216
283,GEN 1:2,darkness,der,1.140359289417608e-44
284,GEN 1:2,darkness,geist,3.565920719878654e-44
285,GEN 1:2,darkness,gottes,1.5437433503668534e-42
286,GEN 1:2,darkness,schwebte,1.5462532769673992e-41
287,GEN 1:2,darkness,auf,1.140359289417608e-44
288,GEN 1:2,darkness,dem,1.54658685774318e-41
289,GEN 1:2,darkness,wasser,2.98561390540376e-44
290,GEN 1:2,was,und,3.9769558199855035e-06
291,GEN 1:2,was,die,1.5005573611877436e-44
292,GEN 1:2,was,erde,1.222359287002054e-44
293,GEN 1:2,was,war,0.7665888687361028
294,GEN 1:2,was,wüst,1.54658685774318e-41
295,GEN 1:2,was,und,3.9769558199855035e-06
296,GEN 1:2,was,leer,1.54658685774318e-41
297,GEN 1:2,was,und,3.9769558199855035e-06
298,GEN 1:2,was,es,0.11172998918241318
299,GEN 1:2,was,war,0.7665888687361028
300,GEN 1:2,was,finster,1.54658685774318e-41
301,GEN 1:2,was,auf,6.054029172683512e-45
302,GEN 1:2,was,der,6.054029172683512e-45
303,GEN 1:2,was,tiefe,1.5465797087194255e-41
304,GEN 1:2,was,und,3.9769558199855035e-06
305,GEN 1:2,was,der,6.054029172683512e-45
306,GEN 1:2,was,geist,3.565920719878654e-44
307,GEN 1:2,was,gottes,1.5437433503668534e-42
308,GEN 1:2,was,schwebte,1.5462532769673992e-41
309,GEN 1:2,was,auf,6.054029172683512e-45
310,GEN 1:2,was,dem,1.54658685774318e-41
311,GEN 1:2,was,wasser,2.98561390540376e-44
312,GEN 1:2,upon,und,0.007903019105154622
313,GEN 1:2,upon,die,1.54658685774318e-41
314,GEN 1:2,upon,erde,1.54658685774318e-41
315,GEN 1:2,upon,war,1.54658685774318e-41
316,GEN 1:2,upon,wüst,1.54658685774318e-41
317,GEN 1:2,upon,und,0.007903019105154622
318,GEN 1:2,upon,leer,1.54658685774318e-41
319,GEN 1:2,upon,und,0.007903019105154622
320,GEN 1:2,upon,es,1.54658685774318e-41
321,GEN 1:2,upon,war,1.54658685774318e-41
322,GEN 1:2,upon,finster,1.54658685774318e-41
323,GEN 1:2,upon,auf,0.17462546862067302
324,GEN 1:2,upon,der,1.3801748015471988e-33
325,GEN 1:2,upon,tiefe,1.54658685774318e-41
326,GEN 1:2,upon,und,0.007903019105154622
327,GEN 1:2,upon,der,1.3801748015471988e-33
328,GEN 1:2,upon,geist,1.54658685774318e-41
329,GEN 1:2,upon,gottes,1.54658685774318e-41
330,GEN 1:2,upon,schwebte,1.54658685774318e-41
331,GEN 1:2,upon,auf,0.17462546862067302
332,GEN 1:2,upon,dem,1.54658685774318e-41
333,GEN 1:2,upon,wasser,1.54658685774318e-41
334,GEN 1:2,the,und,0.14610905196998894
335,GEN 1:2,the,die,0.04000996343825453
336,GEN 1:2,the,erde,1.3883503167252055e-19
337,GEN 1:2,the,war,1.7214455063498668e-09
338,GEN 1:2,the,wüst,1.54658685774318e-41
339,GEN 1:2,the,und,0.14610905196998894
340,GEN 1:2,the,leer,1.54658685774318e-41
341,GEN 1:2,the,und,0.14610905196998894
342,GEN 1:2,the,es,8.281755466393365e-45
343,GEN 1:2,the,war,1.7214455063498668e-09
344,GEN 1:2,the,finster,0.04574622903481879
345,GEN 1:2,the,auf,0.0012653378537037046
346,GEN 1:2,the,der,0.5841401280850187
347,GEN 1:2,the,tiefe,0.04574622903481879
348,GEN 1:2,the,und,0.14610905196998894
349,GEN 1:2,the,der,0.5841401280850187
350,GEN 1:2,the,geist,1.6349241765840914e-07
351,GEN 1:2,the,gottes,0.022880468413021406
352,GEN 1:2,the,schwebte,0.04484934957762565
353,GEN 1:2,the,auf,0.0012653378537037046
354,GEN 1:2,the,dem,0.0004592514261061671
355,GEN 1:2,the,wasser,2.98561390540376e-44
356,GEN 1:2,face,und,1.7752540795769687e-43
357,GEN 1:2,face,die,1.7752540795769687e-43
358,GEN 1:2,face,erde,1.7752540795769687e-43
359,GEN 1:2,face,war,1.7752540795769687e-43
360,GEN 1:2,face,wüst,1.54658685774318e-41
361,GEN 1:2,face,und,1.7752540795769687e-43
362,GEN 1:2,face,leer,1.54658685774318e-41
363,GEN 1:2,face,und,1.7752540795769687e-43
364,GEN 1:2,face,es,1.7752540795769687e-43
365,GEN 1:2,face,war,1.7752540795769687e-43
366,GEN 1:2,face,finster,1.54658685774318e-41
367,GEN 1:2,face,auf,0.31469046950234386
368,GEN 1:2,face,der,1.7752540795769687e-43
369,GEN 1:2,face,tiefe,1.5465797087194255e-41
370,GEN 1:2,face,und,1.7752540795769687e-43
371,GEN 1:2,face,der,1.7752540795769687e-43
372,GEN 1:2,face,geist,1.7752540795769687e-43
373,GEN 1:2,face,gottes,1.5437433503668534e-42
374,GEN 1:2,face,schwebte,1.5462532769673992e-41
375,GEN 1:2,face,auf,0.31469046950234386
376,GEN 1:2,face,dem,1.54658685774318e-41
377,GEN 1:2,face,wasser,1.7752540795769687e-43
378,GEN 1:2,of,und,6.219005250822331e-45
379,GEN 1:2,of,die,1.5005573611877436e-44
380,GEN 1:2,of,erde,1.222359287002054e-44
381,GEN 1:2,of,war,6.976019984172574e-45
382,GEN 1:2,of,wüst,1.54658685774318e-41
383,GEN 1:2,of,und,6.219005250822331e-45
384,GEN 1:2,of,leer,1.54658685774318e-41
385,GEN 1:2,of,und,6.219005250822331e-45
386,GEN 1:2,of,es,8.281755466393365e-45
387,GEN 1:2,of,war,6.976019984172574e-45
388,GEN 1:2,of,finster,1.54658685774318e-41
389,GEN 1:2,of,auf,0.36086954359706425
390,GEN 1:2,of,der,0.009027938736151061
391,GEN 1:2,of,tiefe,1.5465797087194255e-41
392,GEN 1:2,of,und,6.219005250822331e-45
393,GEN 1:2,of,der,0.009027938736151061
394,GEN 1:2,of,geist,0.14858132718276218
395,GEN 1:2,of,gottes,0.012573818583170474
396,GEN 1:2,of,schwebte,3.853816468253741e-21
397,GEN 1:2,of,auf,0.36086954359706425
398,GEN 1:2,of,dem,0.11547393156580406
399,GEN 1:2,of,wasser,2.98561390540376e-44
400,GEN 1:2,the,und,0.14610905196998894
401,GEN 1:2,the,die,0.04000996343825453
402,GEN 1:2,the,erde,1.3883503167252055e-19
403,GEN 1:2,the,war,1.7214455063498668e-09
404,GEN 1:2,the,wüst,1.54658685774318e-41
405,GEN 1:2,the,und,0.14610905196998894
406,GEN 1:2,the,leer,1.54658685774318e-41
407,GEN 1:2,the,und,0.14610905196998894
408,GEN 1:2,the,es,8.281755466393365e-45
409,GEN 1:2,the,war,1.7214455063498668e-09
410,GEN 1:2,the,finster,0.04574622903481879
411,GEN 1:2,the,auf,0.0012653378537037046
412,GEN 1:2,the,der,0.5841401280850187
413,GEN 1:2,the,tiefe,0.04574622903481879
414,GEN 1:2,the,und,0.14610905196998894
415,GEN 1:2,the,der,0.5841401280850187
416,GEN 1:2,the,geist,1.6349241765840914e-07
417,GEN 1:2,the,gottes,0.022880468413021406
418,GEN 1:2,the,schwebte,0.04484934957762565
419,GEN 1:2,the,auf,0.0012653378537037046
420,GEN 1:2,the,dem,0.0004592514261061671
421,GEN 1:2,the,wasser,2.98561390540376e-44
422,GEN 1:2,deep,und,1.54658685774318e-41
423,GEN 1:2,deep,die,1.54658685774318e-41
424,GEN 1:2,deep,erde,1.54658685774318e-41
425,GEN 1:2,deep,war,1.54658685774318e-41
426,GEN 1:2,deep,wüst,1.54658685774318e-41
427,GEN 1:2,deep,und,1.54658685774318e-41
428,GEN 1:2,deep,leer,1.54658685774318e-41
429,GEN 1:2,deep,und,1.54658685774318e-41
430,GEN 1:2,deep,es,1.54658685774318e-41
431,GEN 1:2,deep,war,1.54658685774318e-41
432,GEN 1:2,deep,finster,1.54658685774318e-41
433,GEN 1:2,deep,auf,1.54658685774318e-41
434,GEN 1:2,deep,der,0.08820745135700192
435,GEN 1:2,deep,tiefe,1.54658685774318e-41
436,GEN 1:2,deep,und,1.54658685774318e-41
437,GEN 1:2,deep,der,0.08820745135700192
438,GEN 1:2,deep,geist,1.54658685774318e-41
439,GEN 1:2,deep,gottes,1.54658685774318e-41
440,GEN 1:2,deep,schwebte,1.54658685774318e-41
441,GEN 1:2,deep,auf,1.54658685774318e-41
442,GEN 1:2,deep,dem,1.54658685774318e-41
443,GEN 1:2,deep,wasser,1.54658685774318e-41
444,GEN 1:2,and,und,0.46856703561196517
445,GEN 1:2,and,die,0.5938438995168998
446,GEN 1:2,and,erde,1.222359287002054e-44
447,GEN 1:2,and,war,0.007815642366957311
448,GEN 1:2,and,wüst,0.041087226241759145
449,GEN 1:2,and,und,0.46856703561196517
450,GEN 1:2,and,leer,0.041087226241759145
451,GEN 1:2,and,und,0.46856703561196517
452,GEN 1:2,and,es,0.0030129645659542933
453,GEN 1:2,and,war,0.007815642366957311
454,GEN 1:2,and,finster,1.54658685774318e-41
455,GEN 1:2,and,auf,3.5240180370426096e-45
456,GEN 1:2,and,der,3.281363220917859e-45
457,GEN 1:2,and,tiefe,1.5465797087194255e-41
458,GEN 1:2,and,und,0.46856703561196517
459,GEN 1:2,and,der,3.281363220917859e-45
460,GEN 1:2,and,geist,3.565920719878654e-44
461,GEN 1:2,and,gottes,1.5437433503668534e-42
462,GEN 1:2,and,schwebte,1.5462532769673992e-41
463,GEN 1:2,and,auf,3.5240180370426096e-45
464,GEN 1:2,and,dem,1.54658685774318e-41
465,GEN 1:2,and,wasser,2.98561390540376e-44
466,GEN 1:2,the,und,0.14610905196998894
467,GEN 1:2,the,die,0.04000996343825453
468,GEN 1:2,the,erde,1.3883503167252055e-19
469,GEN 1:2,the,war,1.7214455063498668e-09
470,GEN 1:2,the,wüst,1.54658685774318e-41
471,GEN 1:2,the,und,0.14610905196998894
472,GEN 1:2,the,leer,1.54658685774318e-41
473,GEN 1:2,the,und,0.14610905196998894
474,GEN 1:2,the,es,8.281755466393365e-45
475,GEN 1:2,the,war,1.7214455063498668e-09
476,GEN 1:2,the,finster,0.04574622903481879
477,GEN 1:2,the,auf,0.0012653378537037046
478,GEN 1:2,the,der,0.5841401280850187
479,GEN 1:2,the,tiefe,0.04574622903481879
480,GEN 1:2,the,und,0.14610905196998894
481,GEN 1:2,the,der,0.5841401280850187
482,GEN 1:2,the,geist,1.6349241765840914e-07
483,GEN 1:2,the,gottes,0.022880468413021406
484,GEN 1:2,the,schwebte,0.04484934957762565
485,GEN 1:2,the,auf,0.0012653378537037046
486,GEN 1:2,the,dem,0.0004592514261061671
487,GEN 1:2,the,wasser,2.98561390540376e-44
488,GEN 1:2,spirit,und,1.54658685774318e-41
489,GEN 1:2,spirit,die,1.54658685774318e-41
490,GEN 1:2,spirit,erde,1.54658685774318e-41
491,GEN 1:2,spirit,war,1.54658685774318e-41
492,GEN 1:2,spirit,wüst,1.54658685774318e-41
493,GEN 1:2,spirit,und,1.54658685774318e-41
494,GEN 1:2,spirit,leer,1.54658685774318e-41
495,GEN 1:2,spirit,und,1.54658685774318e-41
496,GEN 1:2,spirit,es,1.54658685774318e-41
497,GEN 1:2,spirit,war,1.54658685774318e-41
498,GEN 1:2,spirit,finster,1.54658685774318e-41
499,GEN 1:2,spirit,auf,1.54658685774318e-41
500,GEN 1:2,spirit,der,0.08820745135700192
501,GEN 1:2,spirit,tiefe,1.54658685774318e-41
502,GEN 1:2,spirit,und,1.54658685774318e-41
503,GEN 1:2,spirit,der,0.08820745135700192
504,GEN 1:2,spirit,geist,1.54658685774318e-41
505,GEN 1:2,spirit,gottes,1.54658685774318e-41
506,GEN 1:2,spirit,schwebte,1.54658685774318e-41
507,GEN 1:2,spirit,auf,1.54658685774318e-41
508,GEN 1:2,spirit,dem,1.54658685774318e-41
509,GEN 1:2,spirit,wasser,1.54658685774318e-41
510,GEN 1:2,of,und,6.219005250822331e-45
511,GEN 1:2,of,die,1.5005573611877436e-44
512,GEN 1:2,of,erde,1.222359287002054e-44
513,GEN 1:2,of,war,6.976019984172574e-45
514,GEN 1:2,of,wüst,1.54658685774318e-41
515,GEN 1:2,of,und,6.219005250822331e-45
516,GEN 1:2,of,leer,1.54658685774318e-41
517,GEN 1:2,of,und,6.219005250822331e-45
518,GEN 1:2,of,es,8.281755466393365e-45
519,GEN 1:2,of,war,6.976019984172574e-45
520,GEN 1:2,of,finster,1.54658685774318e-41
521,GEN 1:2,of,auf,0.36086954359706425
522,GEN 1:2,of,der,0.009027938736151061
523,GEN 1:2,of,tiefe,1.5465797087194255e-41
524,GEN 1:2,of,und,6.219005250822331e-45
525,GEN 1:2,of,der,0.009027938736151061
526,GEN 1:2,of,geist,0.14858132718276218
527,GEN 1:2,of,gottes,0.012573818583170474
528,GEN 1:2,of,schwebte,3.853816468253741e-21
529,GEN 1:2,of,auf,0.36086954359706425
530,GEN 1:2,of,dem,0.11547393156580406
531,GEN 1:2,of,wasser,2.98561390540376e-44
532,GEN 1:2,god,und,0.06149595236501601
533,GEN 1:2,god,die,1.5005573611877436e-44
534,GEN 1:2,god,erde,1.222359287002054e-44
535,GEN 1:2,god,war,6.976019984172574e-45
536,GEN 1:2,god,wüst,1.54658685774318e-41
537,GEN 1:2,god,und,0.06149595236501601
538,GEN 1:2,god,leer,1.54658685774318e-41
539,GEN 1:2,god,und,0.06149595236501601
540,GEN 1:2,god,es,8.281755466393365e-45
541,GEN 1:2,god,war,6.976019984172574e-45
542,GEN 1:2,god,finster,1.54658685774318e-41
543,GEN 1:2,god,auf,4.967283679763376e-45
544,GEN 1:2,god,der,4.967283679763376e-45
545,GEN 1:2,god,tiefe,1.5465797087194255e-41
546,GEN 1:2,god,und,0.06149595236501601
547,GEN 1:2,god,der,4.967283679763376e-45
548,GEN 1:2,god,geist,3.565920719878654e-44
549,GEN 1:2,god,gottes,1.5437433503668534e-42
550,GEN 1:2,god,schwebte,1.5462532769673992e-41
551,GEN 1:2,god,auf,4.967283679763376e-45
552,GEN 1:2,god,dem,1.54658685774318e-41
553,GEN 1:2,god,wasser,2.98561390540376e-44
554,GEN 1:2,moved,und,1.54658685774318e-41
555,GEN 1:2,moved,die,1.54658685774318e-41
556,GEN 1:2,moved,erde,1.54658685774318e-41
557,GEN 1:2,moved,war,1.54658685774318e-41
558,GEN 1:2,moved,wüst,1.54658685774318e-41
559,GEN 1:2,moved,und,1.54658685774318e-41
560,GEN 1:2,moved,leer,1.54658685774318e-41
561,GEN 1:2,moved,und,1.54658685774318e-41
562,GEN 1:2,moved,es,1.54658685774318e-41
563,GEN 1:2,moved,war,1.54658685774318e-41
564,GEN 1:2,moved,finster,1.54658685774318e-41
565,GEN 1:2,moved,auf,1.54658685774318e-41
566,GEN 1:2,moved,der,4.888990856305703e-11
567,GEN 1:2,moved,tiefe,1.54658685774318e-41
568,GEN 1:2,moved,und,1.54658685774318e-41
569,GEN 1:2,moved,der,4.888990856305703e-11
570,GEN 1:2,moved,geist,0.7691953033857635
571,GEN 1:2,moved,gottes,0.0015138034254239881
572,GEN 1:2,moved,schwebte,1.54658685774318e-41
573,GEN 1:2,moved,auf,1.54658685774318e-41
574,GEN 1:2,moved,dem,1.54658685774318e-41
575,GEN 1:2,moved,wasser,1.54658685774318e-41
576,GEN 1:2,upon,und,0.007903019105154622
577,GEN 1:2,upon,die,1.54658685774318e-41
578,GEN 1:2,upon,erde,1.54658685774318e-41
579,GEN 1:2,upon,war,1.54658685774318e-41
580,GEN 1:2,upon,wüst,1.54658685774318e-41
581,GEN 1:2,upon,und,0.007903019105154622
582,GEN 1:2,upon,leer,1.54658685774318e-41
583,GEN 1:2,upon,und,0.007903019105154622
584,GEN 1:2,upon,es,1.54658685774318e-41
585,GEN 1:2,upon,war,1.54658685774318e-41
586,GEN 1:2,upon,finster,1.54658685774318e-41
587,GEN 1:2,upon,auf,0.17462546862067302
588,GEN 1:2,upon,der,1.3801748015471988e-33
589,GEN 1:2,upon,tiefe,1.54658685774318e-41
590,GEN 1:2,upon,und,0.007903019105154622
591,GEN 1:2,upon,der,1.3801748015471988e-33
592,GEN 1:2,upon,geist,1.54658685774318e-41
593,GEN 1:2,upon,gottes,1.54658685774318e-41
594,GEN 1:2,upon,schwebte,1.54658685774318e-41
595,GEN 1:2,upon,auf,0.17462546862067302
596,GEN 1:2,upon,dem,1.54658685774318e-41
597,GEN 1:2,upon,wasser,1.54658685774318e-41
598,GEN 1:2,the,und,0.14610905196998894
599,GEN 1:2,the,die,0.04000996343825453
600,GEN 1:2,the,erde,1.3883503167252055e-19
601,GEN 1:2,the,war,1.7214455063498668e-09
602,GEN 1:2,the,wüst,1.54658685774318e-41
603,GEN 1:2,the,und,0.14610905196998894
604,GEN 1:2,the,leer,1.54658685774318e-41
605,GEN 1:2,the,und,0.14610905196998894
606,GEN 1:2,the,es,8.281755466393365e-45
607,GEN 1:2,the,war,1.7214455063498668e-09
608,GEN 1:2,the,finster,0.04574622903481879
609,GEN 1:2,the,auf,0.0012653378537037046
610,GEN 1:2,the,der,0.5841401280850187
611,GEN 1:2,the,tiefe,0.04574622903481879
612,GEN 1:2,the,und,0.14610905196998894
613,GEN 1:2,the,der,0.5841401280850187
614,GEN 1:2,the,geist,1.6349241765840914e-07
615,GEN 1:2,the,gottes,0.022880468413021406
616,GEN 1:2,the,schwebte,0.04484934957762565
617,GEN 1:2,the,auf,0.0012653378537037046
618,GEN 1:2,the,dem,0.0004592514261061671
619,GEN 1:2,the,wasser,2.98561390540376e-44
620,GEN 1:2,face,und,1.7752540795769687e-43
621,GEN 1:2,face,die,1.7752540795769687e-43
622,GEN 1:2,face,erde,1.7752540795769687e-43
623,GEN 1:2,face,war,1.7752540795769687e-43
624,GEN 1:2,face,wüst,1.54658685774318e-41
625,GEN 1:2,face,und,1.7752540795769687e-43
626,GEN 1:2,face,leer,1.54658685774318e-41
627,GEN 1:2,face,und,1.7752540795769687e-43
628,GEN 1:2,face,es,1.7752540795769687e-43
629,GEN 1:2,face,war,1.7752540795769687e-43
630,GEN 1:2,face,finster,1.54658685774318e-41
631,GEN 1:2,face,auf,0.31469046950234386
632,GEN 1:2,face,der,1.7752540795769687e-43
633,GEN 1:2,face,tiefe,1.5465797087194255e-41
634,GEN 1:2,face,und,1.7752540795769687e-43
635,GEN 1:2,face,der,1.7752540795769687e-43
636,GEN 1:2,face,geist,1.7752540795769687e-43
637,GEN 1:2,face,gottes,1.5437433503668534e-42
638,GEN 1:2,face,schwebte,1.5462532769673992e-41
639,GEN 1:2,face,auf,0.31469046950234386
640,GEN 1:2,face,dem,1.54658685774318e-41
641,GEN 1:2,face,wasser,1.7752540795769687e-43
642,GEN 1:2,of,und,6.219005250822331e-45
643,GEN 1:2,of,die,1.5005573611877436e-44
644,GEN 1:2,of,erde,1.222359287002054e-44
645,GEN 1:2,of,war,6.976019984172574e-45
646,GEN 1:2,of,wüst,1.54658685774318e-41
647,GEN 1:2,of,und,6.219005250822331e-45
648,GEN 1:2,of,leer,1.54658685774318e-41
649,GEN 1:2,of,und,6.219005250822331e-45
650,GEN 1:2,of,es,8.281755466393365e-45
651,GEN 1:2,of,war,6.976019984172574e-45
652,GEN 1:2,of,finster,1.54658685774318e-41
653,GEN 1:2,of,auf,0.36086954359706425
654,GEN 1:2,of,der,0.009027938736151061
655,GEN 1:2,of,tiefe,1.5465797087194255e-41
656,GEN 1:2,of,und,6.219005250822331e-45
657,GEN 1:2,of,der,0.009027938736151061
658,GEN 1:2,of,geist,0.14858132718276218
659,GEN 1:2,of,gottes,0.012573818583170474
660,GEN 1:2,of,schwebte,3.853816468253741e-21
661,GEN 1:2,of,auf,0.36086954359706425
662,GEN 1:2,of,dem,0.11547393156580406
663,GEN 1:2,of,wasser,2.98561390540376e-44
664,GEN 1:2,the,und,0.14610905196998894
665,GEN 1:2,the,die,0.04000996343825453
666,GEN 1:2,the,erde,1.3883503167252055e-19
667,GEN 1:2,the,war,1.7214455063498668e-09
668,GEN 1:2,the,wüst,1.54658685774318e-41
669,GEN 1:2,the,und,0.14610905196998894
670,GEN 1:2,the,leer,1.54658685774318e-41
671,GEN 1:2,the,und,0.14610905196998894
672,GEN 1:2,the,es,8.281755466393365e-45
673,GEN 1:2,the,war,1.7214455063498668e-09
674,GEN 1:2,the,finster,0.04574622903481879
675,GEN 1:2,the,auf,0.0012653378537037046
676,GEN 1:2,the,der,0.5841401280850187
677,GEN 1:2,the,tiefe,0.04574622903481879
678,GEN 1:2,the,und,0.14610905196998894
679,GEN 1:2,the,der,0.5841401280850187
680,GEN 1:2,the,geist,1.6349241765840914e-07
681,GEN 1:2,the,gottes,0.022880468413021406
682,GEN 1:2,the,schwebte,0.04484934957762565
683,GEN 1:2,the,auf,0.0012653378537037046
684,GEN 1:2,the,dem,0.0004592514261061671
685,GEN 1:2,the,wasser,2.98561390540376e-44
686,GEN 1:2,waters,und,2.9856139740007055e-44
687,GEN 1:2,waters,die,2.9856139740007055e-44
688,GEN 1:2,waters,erde,2.9856139740007055e-44
689,GEN 1:2,waters,war,2.9856139740007055e-44
690,GEN 1:2,waters,wüst,1.54658685774318e-41
691,GEN 1:2,waters,und,2.9856139740007055e-44
692,GEN 1:2,waters,leer,1.54658685774318e-41
693,GEN 1:2,waters,und,2.9856139740007055e-44
694,GEN 1:2,waters,es,2.9856139740007055e-44
695,GEN 1:2,waters,war,2.9856139740007055e-44
696,GEN 1:2,waters,finster,1.54658685774318e-41
697,GEN 1:2,waters,auf,2.9856139740007055e-44
698,GEN 1:2,waters,der,2.9856139740007055e-44
699,GEN 1:2,waters,tiefe,1.5465797087194255e-41
700,GEN 1:2,waters,und,2.9856139740007055e-44
701,GEN 1:2,waters,der,2.9856139740007055e-44
702,GEN 1:2,waters,geist,3.565920719878654e-44
703,GEN 1:2,waters,gottes,1.5437433503668534e-42
704,GEN 1:2,waters,schwebte,1.5462532769673992e-41
705,GEN 1:2,waters,auf,2.9856139740007055e-44
706,GEN 1:2,waters,dem,1.54658685774318e-41
707,GEN 1:2,waters,wasser,0.8025731332965276
708,GEN 1:3,and,und,0.46856703561196517
709,GEN 1:3,and,gott,0.0005808268161470141
710,GEN 1:3,and,sprach,1.4935600431480028e-44
711,GEN 1:3,and,es,0.0030129645659542933
712,GEN 1:3,and,werde,3.1957267144507166e-44
713,GEN 1:3,and,licht,3.14453448175916e-14
714,GEN 1:3,and,und,0.46856703561196517
715,GEN 1:3,and,es,0.0030129645659542933
716,GEN 1:3,and,ward,0.07646193604431946
717,GEN 1:3,and,licht,3.14453448175916e-14
718,GEN 1:3,god,und,0.06149595236501601
719,GEN 1:3,god,gott,0.8238995817435532
720,GEN 1:3,god,sprach,1.4935600431480028e-44
721,GEN 1:3,god,es,8.281755466393365e-45
722,GEN 1:3,god,werde,3.1957267144507166e-44
723,GEN 1:3,god,licht,4.967283679763376e-45
724,GEN 1:3,god,und,0.06149595236501601
725,GEN 1:3,god,es,8.281755466393365e-45
726,GEN 1:3,god,ward,2.938483677831483e-42
727,GEN 1:3,god,licht,4.967283679763376e-45
728,GEN 1:3,said,und,3.7911071997689216e-44
729,GEN 1:3,said,gott,3.7911071997689216e-44
730,GEN 1:3,said,sprach,0.9016590379334011
731,GEN 1:3,said,es,3.7911071997689216e-44
732,GEN 1:3,said,werde,3.7911071997689216e-44
733,GEN 1:3,said,licht,3.7911071997689216e-44
734,GEN 1:3,said,und,3.7911071997689216e-44
735,GEN 1:3,said,es,3.7911071997689216e-44
736,GEN 1:3,said,ward,2.938483677831483e-42
737,GEN 1:3,said,licht,3.7911071997689216e-44
738,GEN 1:3,let,und,3.5762817987939253e-41
739,GEN 1:3,let,gott,3.5762817987939253e-41
740,GEN 1:3,let,sprach,0.28255197202573656
741,GEN 1:3,let,es,0.0017938045221535714
742,GEN 1:3,let,werde,3.5762817987939253e-41
743,GEN 1:3,let,licht,3.5762817987939253e-41
744,GEN 1:3,let,und,3.5762817987939253e-41
745,GEN 1:3,let,es,0.0017938045221535714
746,GEN 1:3,let,ward,3.5762817987939253e-41
747,GEN 1:3,let,licht,3.5762817987939253e-41
748,GEN 1:3,there,und,1.1340332580511277e-44
749,GEN 1:3,there,gott,1.1340332580511277e-44
750,GEN 1:3,there,sprach,1.4935600431480028e-44
751,GEN 1:3,there,es,0.8013423449911544
752,GEN 1:3,there,werde,4.1019499702993725e-11
753,GEN 1:3,there,licht,1.1340332580511277e-44
754,GEN 1:3,there,und,1.1340332580511277e-44
755,GEN 1:3,there,es,0.8013423449911544
756,GEN 1:3,there,ward,0.014742454687460655
757,GEN 1:3,there,licht,1.1340332580511277e-44
758,GEN 1:3,be,und,3.568667272841636e-44
759,GEN 1:3,be,gott,3.568667272841636e-44
760,GEN 1:3,be,sprach,3.568667272841636e-44
761,GEN 1:3,be,es,3.568667272841636e-44
762,GEN 1:3,be,werde,0.906758170448208
763,GEN 1:3,be,licht,3.568667272841636e-44
764,GEN 1:3,be,und,3.568667272841636e-44
765,GEN 1:3,be,es,3.568667272841636e-44
766,GEN 1:3,be,ward,2.938483677831483e-42
767,GEN 1:3,be,licht,3.568667272841636e-44
768,GEN 1:3,light,und,2.9013460455760736e-45
769,GEN 1:3,light,gott,4.9233761418193846e-45
770,GEN 1:3,light,sprach,1.4935600431480028e-44
771,GEN 1:3,light,es,8.281755466393365e-45
772,GEN 1:3,light,werde,3.1957267144507166e-44
773,GEN 1:3,light,licht,0.8752866436196581
774,GEN 1:3,light,und,2.9013460455760736e-45
775,GEN 1:3,light,es,8.281755466393365e-45
776,GEN 1:3,light,ward,0.0004116546053135724
777,GEN 1:3,light,licht,0.8752866436196581
778,GEN 1:3,and,und,0.46856703561196517
779,GEN 1:3,and,gott,0.0005808268161470141
780,GEN 1:3,and,sprach,1.4935600431480028e-44
781,GEN 1:3,and,es,0.0030129645659542933
782,GEN 1:3,and,werde,3.1957267144507166e-44
783,GEN 1:3,and,licht,3.14453448175916e-14
784,GEN 1:3,and,und,0.46856703561196517
785,GEN 1:3,and,es,0.0030129645659542933
786,GEN 1:3,and,ward,0.07646193604431946
787,GEN 1:3,and,licht,3.14453448175916e-14
788,GEN 1:3,there,und,1.1340332580511277e-44
789,GEN 1:3,there,gott,1.1340332580511277e-44
790,GEN 1:3,there,sprach,1.4935600431480028e-44
791,GEN 1:3,there,es,0.8013423449911544
792,GEN 1:3,there,werde,4.1019499702993725e-11
793,GEN 1:3,there,licht,1.1340332580511277e-44
794,GEN 1:3,there,und,1.1340332580511277e-44
795,GEN 1:3,there,es,0.8013423449911544
796,GEN 1:3,there,ward,0.014742454687460655
797,GEN 1:3,there,licht,1.1340332580511277e-44
798,GEN 1:3,was,und,3.9769558199855035e-06
799,GEN 1:3,was,gott,6.054029172683512e-45
800,GEN 1:3,was,sprach,1.4935600431480028e-44
801,GEN 1:3,was,es,0.11172998918241318
802,GEN 1:3,was,werde,3.1957267144507166e-44
803,GEN 1:3,was,licht,0.014717837998749383
804,GEN 1:3,was,und,3.9769558199855035e-06
805,GEN 1:3,was,es,0.11172998918241318
806,GEN 1:3,was,ward,3.7506784286498526e-10
807,GEN 1:3,was,licht,0.014717837998749383
808,GEN 1:3,light,und,2.9013460455760736e-45
809,GEN 1:3,light,gott,4.9233761418193846e-45
810,GEN 1:3,light,sprach,1.4935600431480028e-44
811,GEN 1:3,light,es,8.281755466393365e-45
812,GEN 1:3,light,werde,3.1957267144507166e-44
813,GEN 1:3,light,licht,0.8752866436196581
814,GEN 1:3,light,und,2.9013460455760736e-45
815,GEN 1:3,light,es,8.281755466393365e-45
816,GEN 1:3,light,ward,0.0004116546053135724
817,GEN 1:3,light,licht,0.8752866436196581
818,GEN 1:4,and,und,0.46856703561196517
819,GEN 1:4,and,gott,0.0005808268161470141
820,GEN 1:4,and,sah,3.1528524024911797e-44
821,GEN 1:4,and,daß,1.31166966052278e-40
822,GEN 1:4,and,das,8.081615099917022e-45
823,GEN 1:4,and,licht,3.14453448175916e-14
824,GEN 1:4,and,gut,3.1528524024911797e-44
825,GEN 1:4,and,war,0.007815642366957311
826,GEN 1:4,and,da,0.10338236922019792
827,GEN 1:4,and,schied,1.31166966052278e-40
828,GEN 1:4,and,gott,0.0005808268161470141
829,GEN 1:4,and,das,8.081615099917022e-45
830,GEN 1:4,and,licht,3.14453448175916e-14
831,GEN 1:4,and,von,3.1528524024911797e-44
832,GEN 1:4,and,der,3.281363220917859e-45
833,GEN 1:4,and,finsternis,8.802639472040341e-45
834,GEN 1:4,god,und,0.06149595236501601
835,GEN 1:4,god,gott,0.8238995817435532
836,GEN 1:4,god,sah,3.1528524024911797e-44
837,GEN 1:4,god,daß,1.31166966052278e-40
838,GEN 1:4,god,das,4.879833343967585e-07
839,GEN 1:4,god,licht,4.967283679763376e-45
840,GEN 1:4,god,gut,3.1528524024911797e-44
841,GEN 1:4,god,war,6.976019984172574e-45
842,GEN 1:4,god,da,1.3141273529764346e-44
843,GEN 1:4,god,schied,0.008149116456045477
844,GEN 1:4,god,gott,0.8238995817435532
845,GEN 1:4,god,das,4.879833343967585e-07
846,GEN 1:4,god,licht,4.967283679763376e-45
847,GEN 1:4,god,von,3.1528524024911797e-44
848,GEN 1:4,god,der,4.967283679763376e-45
849,GEN 1:4,god,finsternis,8.802639472040341e-45
850,GEN 1:4,saw,und,1.2835921372567121e-44
851,GEN 1:4,saw,gott,1.2835921372567121e-44
852,GEN 1:4,saw,sah,0.847529079242732
853,GEN 1:4,saw,daß,0.3448665382128205
854,GEN 1:4,saw,das,1.2835921372567121e-44
855,GEN 1:4,saw,licht,1.2835921372567121e-44
856,GEN 1:4,saw,gut,3.1528524024911797e-44
857,GEN 1:4,saw,war,1.2835921372567121e-44
858,GEN 1:4,saw,da,1.3141273529764346e-44
859,GEN 1:4,saw,schied,1.31166966052278e-40
860,GEN 1:4,saw,gott,1.2835921372567121e-44
861,GEN 1:4,saw,das,1.2835921372567121e-44
862,GEN 1:4,saw,licht,1.2835921372567121e-44
863,GEN 1:4,saw,von,3.1528524024911797e-44
864,GEN 1:4,saw,der,1.2835921372567121e-44
865,GEN 1:4,saw,finsternis,1.2835921372567121e-44
866,GEN 1:4,the,und,0.14610905196998894
867,GEN 1:4,the,gott,0.06404997175922418
868,GEN 1:4,the,sah,3.1528524024911797e-44
869,GEN 1:4,the,daß,1.31166966052278e-40
870,GEN 1:4,the,das,0.15967617248671018
871,GEN 1:4,the,licht,9.310007295964305e-45
872,GEN 1:4,the,gut,3.1528524024911797e-44
873,GEN 1:4,the,war,1.7214455063498668e-09
874,GEN 1:4,the,da,6.9260502588048315e-06
875,GEN 1:4,the,schied,1.31166966052278e-40
876,GEN 1:4,the,gott,0.06404997175922418
877,GEN 1:4,the,das,0.15967617248671018
878,GEN 1:4,the,licht,9.310007295964305e-45
879,GEN 1:4,the,von,3.1528524024911797e-44
880,GEN 1:4,the,der,0.5841401280850187
881,GEN 1:4,the,finsternis,7.596500191387484e-18
882,GEN 1:4,light,und,2.9013460455760736e-45
883,GEN 1:4,light,gott,4.9233761418193846e-45
884,GEN 1:4,light,sah,3.1528524024911797e-44
885,GEN 1:4,light,daß,1.31166966052278e-40
886,GEN 1:4,light,das,0.26245682292006023
887,GEN 1:4,light,licht,0.8752866436196581
888,GEN 1:4,light,gut,3.1528524024911797e-44
889,GEN 1:4,light,war,6.976019984172574e-45
890,GEN 1:4,light,da,1.3141273529764346e-44
891,GEN 1:4,light,schied,1.31166966052278e-40
892,GEN 1:4,light,gott,4.9233761418193846e-45
893,GEN 1:4,light,das,0.26245682292006023
894,GEN 1:4,light,licht,0.8752866436196581
895,GEN 1:4,light,von,3.1528524024911797e-44
896,GEN 1:4,light,der,3.281363220917859e-45
897,GEN 1:4,light,finsternis,8.802639472040341e-45
898,GEN 1:4,that,und,6.813989382420939e-41
899,GEN 1:4,that,gott,6.813989382420939e-41
900,GEN 1:4,that,sah,6.813989382420939e-41
901,GEN 1:4,that,daß,1.31166966052278e-40
902,GEN 1:4,that,das,0.2169028075039046
903,GEN 1:4,that,licht,6.813989382420939e-41
904,GEN 1:4,that,gut,6.813989382420939e-41
905,GEN 1:4,that,war,6.813989382420939e-41
906,GEN 1:4,that,da,6.813989382420939e-41
907,GEN 1:4,that,schied,1.31166966052278e-40
908,GEN 1:4,that,gott,6.813989382420939e-41
909,GEN 1:4,that,das,0.2169028075039046
910,GEN 1:4,that,licht,6.813989382420939e-41
911,GEN 1:4,that,von,6.813989382420939e-41
912,GEN 1:4,that,der,6.813989382420939e-41
913,GEN 1:4,that,finsternis,6.813989382420939e-41
914,GEN 1:4,it,und,3.1093884419981067e-44
915,GEN 1:4,it,gott,3.1093884419981067e-44
916,GEN 1:4,it,sah,3.1528524024911797e-44
917,GEN 1:4,it,daß,1.31166966052278e-40
918,GEN 1:4,it,das,3.1093884419981067e-44
919,GEN 1:4,it,licht,3.1093884419981067e-44
920,GEN 1:4,it,gut,0.847529079242732
921,GEN 1:4,it,war,3.1093884419981067e-44
922,GEN 1:4,it,da,3.1093884419981067e-44
923,GEN 1:4,it,schied,1.31166966052278e-40
924,GEN 1:4,it,gott,3.1093884419981067e-44
925,GEN 1:4,it,das,3.1093884419981067e-44
926,GEN 1:4,it,licht,3.1093884419981067e-44
927,GEN 1:4,it,von,3.1528524024911797e-44
928,GEN 1:4,it,der,3.1093884419981067e-44
929,GEN 1:4,it,finsternis,3.1093884419981067e-44
930,GEN 1:4,was,und,3.9769558199855035e-06
931,GEN 1:4,was,gott,6.054029172683512e-45
932,GEN 1:4,was,sah,3.1528524024911797e-44
933,GEN 1:4,was,daß,1.31166966052278e-40
934,GEN 1:4,was,das,8.081229685261774e-45
935,GEN 1:4,was,licht,0.014717837998749383
936,GEN 1:4,was,gut,3.1528524024911797e-44
937,GEN 1:4,was,war,0.7665888687361028
938,GEN 1:4,was,da,1.3141273529764346e-44
939,GEN 1:4,was,schied,1.31166966052278e-40
940,GEN 1:4,was,gott,6.054029172683512e-45
941,GEN 1:4,was,das,8.081229685261774e-45
942,GEN 1:4,was,licht,0.014717837998749383
943,GEN 1:4,was,von,3.1528524024911797e-44
944,GEN 1:4,was,der,6.054029172683512e-45
945,GEN 1:4,was,finsternis,8.802639472040341e-45
946,GEN 1:4,good,und,6.813989382420939e-41
947,GEN 1:4,good,gott,6.813989382420939e-41
948,GEN 1:4,good,sah,6.813989382420939e-41
949,GEN 1:4,good,daß,1.31166966052278e-40
950,GEN 1:4,good,das,6.813989382420939e-41
951,GEN 1:4,good,licht,6.813989382420939e-41
952,GEN 1:4,good,gut,6.813989382420939e-41
953,GEN 1:4,good,war,6.813989382420939e-41
954,GEN 1:4,good,da,0.3532447361767007
955,GEN 1:4,good,schied,1.31166966052278e-40
956,GEN 1:4,good,gott,6.813989382420939e-41
957,GEN 1:4,good,das,6.813989382420939e-41
958,GEN 1:4,good,licht,6.813989382420939e-41
959,GEN 1:4,good,von,6.813989382420939e-41
960,GEN 1:4,good,der,6.813989382420939e-41
961,GEN 1:4,good,finsternis,6.813989382420939e-41
962,GEN 1:4,and,und,0.46856703561196517
963,GEN 1:4,and,gott,0.0005808268161470141
964,GEN 1:4,and,sah,3.1528524024911797e-44
965,GEN 1:4,and,daß,1.31166966052278e-40
966,GEN 1:4,and,das,8.081615099917022e-45
967,GEN 1:4,and,licht,3.14453448175916e-14
968,GEN 1:4,and,gut,3.1528524024911797e-44
969,GEN 1:4,and,war,0.007815642366957311
970,GEN 1:4,and,da,0.10338236922019792
971,GEN 1:4,and,schied,1.31166966052278e-40
972,GEN 1:4,and,gott,0.0005808268161470141
973,GEN 1:4,and,das,8.081615099917022e-45
974,GEN 1:4,and,licht,3.14453448175916e-14
975,GEN 1:4,and,von,3.1528524024911797e-44
976,GEN 1:4,and,der,3.281363220917859e-45
977,GEN 1:4,and,finsternis,8.802639472040341e-45
978,GEN 1:4,god,und,0.06149595236501601
979,GEN 1:4,god,gott,0.8238995817435532
980,GEN 1:4,god,sah,3.1528524024911797e-44
981,GEN 1:4,god,daß,1.31166966052278e-40
982,GEN 1:4,god,das,4.879833343967585e-07
983,GEN 1:4,god,licht,4.967283679763376e-45
984,GEN 1:4,god,gut,3.1528524024911797e-44
985,GEN 1:4,god,war,6.976019984172574e-45
986,GEN 1:4,god,da,1.3141273529764346e-44
987,GEN 1:4,god,schied,0.008149116456045477
988,GEN 1:4,god,gott,0.8238995817435532
989,GEN 1:4,god,das,4.879833343967585e-07
990,GEN 1:4,god,licht,4.967283679763376e-45
991,GEN 1:4,god,von,3.1528524024911797e-44
992,GEN 1:4,god,der,4.967283679763376e-45
993,GEN 1:4,god,finsternis,8.802639472040341e-45
994,GEN 1:4,divided,und,5.237429990522325e-44
995,GEN 1:4,divided,gott,2.4144319174029543e-38
996,GEN 1:4,divided,sah,5.237429990522325e-44
997,GEN 1:4,divided,daß,1.31166966052278e-40
998,GEN 1:4,divided,das,0.21659319578889819
999,GEN 1:4,divided,licht,5.237429990522325e-44
1000,GEN 1:4,divided,gut,5.237429990522325e-44
1001,GEN 1:4,divided,war,5.237429990522325e-44
1002,GEN 1:4,divided,da,5.237429990522325e-44
1003,GEN 1:4,divided,schied,0.7442075905379762
1004,GEN 1:4,divided,gott,2.4144319174029543e-38
1005,GEN 1:4,divided,das,0.21659319578889819
1006,GEN 1:4,divided,licht,5.237429990522325e-44
1007,GEN 1:4,divided,von,5.237429990522325e-44
1008,GEN 1:4,divided,der,5.237429990522325e-44
1009,GEN 1:4,divided,finsternis,5.237429990522325e-44
1010,GEN 1:4,the,und,0.14610905196998894
1011,GEN 1:4,the,gott,0.06404997175922418
1012,GEN 1:4,the,sah,3.1528524024911797e-44
1013,GEN 1:4,the,daß,1.31166966052278e-40
1014,GEN 1:4,the,das,0.15967617248671018
1015,GEN 1:4,the,licht,9.310007295964305e-45
1016,GEN 1:4,the,gut,3.1528524024911797e-44
1017,GEN 1:4,the,war,1.7214455063498668e-09
1018,GEN 1:4,the,da,6.9260502588048315e-06
1019,GEN 1:4,the,schied,1.31166966052278e-40
1020,GEN 1:4,the,gott,0.06404997175922418
1021,GEN 1:4,the,das,0.15967617248671018
1022,GEN 1:4,the,licht,9.310007295964305e-45
1023,GEN 1:4,the,von,3.1528524024911797e-44
1024,GEN 1:4,the,der,0.5841401280850187
1025,GEN 1:4,the,finsternis,7.596500191387484e-18
1026,GEN 1:4,light,und,2.9013460455760736e-45
1027,GEN 1:4,light,gott,4.9233761418193846e-45
1028,GEN 1:4,light,sah,3.1528524024911797e-44
1029,GEN 1:4,light,daß,1.31166966052278e-40
1030,GEN 1:4,light,das,0.26245682292006023
1031,GEN 1:4,light,licht,0.8752866436196581
1032,GEN 1:4,light,gut,3.1528524024911797e-44
1033,GEN 1:4,light,war,6.976019984172574e-45
1034,GEN 1:4,light,da,1.3141273529764346e-44
1035,GEN 1:4,light,schied,1.31166966052278e-40
1036,GEN 1:4,light,gott,4.9233761418193846e-45
1037,GEN 1:4,light,das,0.26245682292006023
1038,GEN 1:4,light,licht,0.8752866436196581
1039,GEN 1:4,light,von,3.1528524024911797e-44
1040,GEN 1:4,light,der,3.281363220917859e-45
1041,GEN 1:4,light,finsternis,8.802639472040341e-45
1042,GEN 1:4,from,und,3.1093884419981067e-44
1043,GEN 1:4,from,gott,3.1093884419981067e-44
1044,GEN 1:4,from,sah,3.1528524024911797e-44
1045,GEN 1:4,from,daß,1.31166966052278e-40
1046,GEN 1:4,from,das,3.1093884419981067e-44
1047,GEN 1:4,from,licht,3.1093884419981067e-44
1048,GEN 1:4,from,gut,3.1528524024911797e-44
1049,GEN 1:4,from,war,3.1093884419981067e-44
1050,GEN 1:4,from,da,3.1093884419981067e-44
1051,GEN 1:4,from,schied,1.31166966052278e-40
1052,GEN 1:4,from,gott,3.1093884419981067e-44
1053,GEN 1:4,from,das,3.1093884419981067e-44
1054,GEN 1:4,from,licht,3.1093884419981067e-44
1055,GEN 1:4,from,von,0.847529079242732
1056,GEN 1:4,from,der,3.1093884419981067e-44
1057,GEN 1:4,from,finsternis,3.1093884419981067e-44
1058,GEN 1:4,the,und,0.14610905196998894
1059,GEN 1:4,the,gott,0.06404997175922418
1060,GEN 1:4,the,sah,3.1528524024911797e-44
1061,GEN 1:4,the,daß,1.31166966052278e-40
1062,GEN 1:4,the,das,0.15967617248671018
1063,GEN 1:4,the,licht,9.310007295964305e-45
1064,GEN 1:4,the,gut,3.1528524024911797e-44
1065,GEN 1:4,the,war,1.7214455063498668e-09
1066,GEN 1:4,the,da,6.9260502588048315e-06
1067,GEN 1:4,the,schied,1.31166966052278e-40
1068,GEN 1:4,the,gott,0.06404997175922418
1069,GEN 1:4,the,das,0.15967617248671018
1070,GEN 1:4,the,licht,9.310007295964305e-45
1071,GEN 1:4,the,von,3.1528524024911797e-44
1072,GEN 1:4,the,der,0.5841401280850187
1073,GEN 1:4,the,finsternis,7.596500191387484e-18
1074,GEN 1:4,darkness,und,0.035054326826131216
1075,GEN 1:4,darkness,gott,1.140359289417608e-44
1076,GEN 1:4,darkness,sah,3.1528524024911797e-44
1077,GEN 1:4,darkness,daß,1.31166966052278e-40
1078,GEN 1:4,darkness,das,1.140359289417608e-44
1079,GEN 1:4,darkness,licht,1.140359289417608e-44
1080,GEN 1:4,darkness,gut,3.1528524024911797e-44
1081,GEN 1:4,darkness,war,1.140359289417608e-44
1082,GEN 1:4,darkness,da,1.3141273529764346e-44
1083,GEN 1:4,darkness,schied,1.31166966052278e-40
1084,GEN 1:4,darkness,gott,1.140359289417608e-44
1085,GEN 1:4,darkness,das,1.140359289417608e-44
1086,GEN 1:4,darkness,licht,1.140359289417608e-44
1087,GEN 1:4,darkness,von,3.1528524024911797e-44
1088,GEN 1:4,darkness,der,1.140359289417608e-44
1089,GEN 1:4,darkness,finsternis,0.8250579889718437
1090,GEN 1:5,and,und,0.46856703561196517
1091,GEN 1:5,and,nannte,1.8828266413857645e-44
1092,GEN 1:5,and,das,8.081615099917022e-45
1093,GEN 1:5,and,licht,3.14453448175916e-14
1094,GEN 1:5,and,tag,1.2795131361631106e-44
1095,GEN 1:5,and,und,0.46856703561196517
1096,GEN 1:5,and,die,0.5938438995168998
1097,GEN 1:5,and,finsternis,8.802639472040341e-45
1098,GEN 1:5,and,nacht,3.315021109027003e-44
1099,GEN 1:5,and,da,0.10338236922019792
1100,GEN 1:5,and,ward,0.07646193604431946
1101,GEN 1:5,and,aus,3.1692328593453443e-44
1102,GEN 1:5,and,abend,3.2097216484005193e-41
1103,GEN 1:5,and,und,0.46856703561196517
1104,GEN 1:5,and,morgen,1.283345442646782e-44
1105,GEN 1:5,and,der,3.281363220917859e-45
1106,GEN 1:5,and,erste,3.1093884419981067e-44
1107,GEN 1:5,and,tag,1.2795131361631106e-44
1108,GEN 1:5,god,und,0.06149595236501601
1109,GEN 1:5,god,nannte,1.8828266413857645e-44
1110,GEN 1:5,god,das,4.879833343967585e-07
1111,GEN 1:5,god,licht,4.967283679763376e-45
1112,GEN 1:5,god,tag,1.2795131361631106e-44
1113,GEN 1:5,god,und,0.06149595236501601
1114,GEN 1:5,god,die,1.5005573611877436e-44
1115,GEN 1:5,god,finsternis,8.802639472040341e-45
1116,GEN 1:5,god,nacht,3.315021109027003e-44
1117,GEN 1:5,god,da,1.3141273529764346e-44
1118,GEN 1:5,god,ward,2.938483677831483e-42
1119,GEN 1:5,god,aus,3.1692328593453443e-44
1120,GEN 1:5,god,abend,3.2097216484005193e-41
1121,GEN 1:5,god,und,0.06149595236501601
1122,GEN 1:5,god,morgen,1.283345442646782e-44
1123,GEN 1:5,god,der,4.967283679763376e-45
1124,GEN 1:5,god,erste,3.1093884419981067e-44
1125,GEN 1:5,god,tag,1.2795131361631106e-44
1126,GEN 1:5,called,und,4.117891700834016e-35
1127,GEN 1:5,called,nannte,0.8966663736261189
1128,GEN 1:5,called,das,1.2801823742297671e-44
1129,GEN 1:5,called,licht,1.2801823742297671e-44
1130,GEN 1:5,called,tag,1.2801823742297671e-44
1131,GEN 1:5,called,und,4.117891700834016e-35
1132,GEN 1:5,called,die,1.5005573611877436e-44
1133,GEN 1:5,called,finsternis,1.2801823742297671e-44
1134,GEN 1:5,called,nacht,0.3352964825840344
1135,GEN 1:5,called,da,1.3141273529764346e-44
1136,GEN 1:5,called,ward,2.938483677831483e-42
1137,GEN 1:5,called,aus,3.1692328593453443e-44
1138,GEN 1:5,called,abend,3.2097216484005193e-41
1139,GEN 1:5,called,und,4.117891700834016e-35
1140,GEN 1:5,called,morgen,1.283345442646782e-44
1141,GEN 1:5,called,der,1.2801823742297671e-44
1142,GEN 1:5,called,erste,3.1093884419981067e-44
1143,GEN 1:5,called,tag,1.2801823742297671e-44
1144,GEN 1:5,the,und,0.14610905196998894
1145,GEN 1:5,the,nannte,1.8828266413857645e-44
1146,GEN 1:5,the,das,0.15967617248671018
1147,GEN 1:5,the,licht,9.310007295964305e-45
1148,GEN 1:5,the,tag,4.277440231936945e-30
1149,GEN 1:5,the,und,0.14610905196998894
1150,GEN 1:5,the,die,0.04000996343825453
1151,GEN 1:5,the,finsternis,7.596500191387484e-18
1152,GEN 1:5,the,nacht,5.899871803224763e-19
1153,GEN 1:5,the,da,6.9260502588048315e-06
1154,GEN 1:5,the,ward,2.938483677831483e-42
1155,GEN 1:5,the,aus,0.04574619240993952
1156,GEN 1:5,the,abend,0.04574617476024338
1157,GEN 1:5,the,und,0.14610905196998894
1158,GEN 1:5,the,morgen,0.04574622903481879
1159,GEN 1:5,the,der,0.5841401280850187
1160,GEN 1:5,the,erste,3.1093884419981067e-44
1161,GEN 1:5,the,tag,4.277440231936945e-30
1162,GEN 1:5,light,und,2.9013460455760736e-45
1163,GEN 1:5,light,nannte,1.8828266413857645e-44
1164,GEN 1:5,light,das,0.26245682292006023
1165,GEN 1:5,light,licht,0.8752866436196581
1166,GEN 1:5,light,tag,1.2795131361631106e-44
1167,GEN 1:5,light,und,2.9013460455760736e-45
1168,GEN 1:5,light,die,1.5005573611877436e-44
1169,GEN 1:5,light,finsternis,8.802639472040341e-45
1170,GEN 1:5,light,nacht,3.315021109027003e-44
1171,GEN 1:5,light,da,1.3141273529764346e-44
1172,GEN 1:5,light,ward,0.0004116546053135724
1173,GEN 1:5,light,aus,3.1692328593453443e-44
1174,GEN 1:5,light,abend,3.2097216484005193e-41
1175,GEN 1:5,light,und,2.9013460455760736e-45
1176,GEN 1:5,light,morgen,1.283345442646782e-44
1177,GEN 1:5,light,der,3.281363220917859e-45
1178,GEN 1:5,light,erste,3.1093884419981067e-44
1179,GEN 1:5,light,tag,1.2795131361631106e-44
1180,GEN 1:5,day,und,1.2682192144647973e-44
1181,GEN 1:5,day,nannte,1.8828266413857645e-44
1182,GEN 1:5,day,das,1.2682192144647973e-44
1183,GEN 1:5,day,licht,1.2682192144647973e-44
1184,GEN 1:5,day,tag,0.9257426073880187
1185,GEN 1:5,day,und,1.2682192144647973e-44
1186,GEN 1:5,day,die,1.5005573611877436e-44
1187,GEN 1:5,day,finsternis,1.2682192144647973e-44
1188,GEN 1:5,day,nacht,3.315021109027003e-44
1189,GEN 1:5,day,da,1.3141273529764346e-44
1190,GEN 1:5,day,ward,2.938483677831483e-42
1191,GEN 1:5,day,aus,3.1692328593453443e-44
1192,GEN 1:5,day,abend,3.2097216484005193e-41
1193,GEN 1:5,day,und,1.2682192144647973e-44
1194,GEN 1:5,day,morgen,1.283345442646782e-44
1195,GEN 1:5,day,der,1.2682192144647973e-44
1196,GEN 1:5,day,erste,3.1093884419981067e-44
1197,GEN 1:5,day,tag,0.9257426073880187
1198,GEN 1:5,and,und,0.46856703561196517
1199,GEN 1:5,and,nannte,1.8828266413857645e-44
1200,GEN 1:5,and,das,8.081615099917022e-45
1201,GEN 1:5,and,licht,3.14453448175916e-14
1202,GEN 1:5,and,tag,1.2795131361631106e-44
1203,GEN 1:5,and,und,0.46856703561196517
1204,GEN 1:5,and,die,0.5938438995168998
1205,GEN 1:5,and,finsternis,8.802639472040341e-45
1206,GEN 1:5,and,nacht,3.315021109027003e-44
1207,GEN 1:5,and,da,0.10338236922019792
1208,GEN 1:5,and,ward,0.07646193604431946
1209,GEN 1:5,and,aus,3.1692328593453443e-44
1210,GEN 1:5,and,abend,3.2097216484005193e-41
1211,GEN 1:5,and,und,0.46856703561196517
1212,GEN 1:5,and,morgen,1.283345442646782e-44
1213,GEN 1:5,and,der,3.281363220917859e-45
1214,GEN 1:5,and,erste,3.1093884419981067e-44
1215,GEN 1:5,and,tag,1.2795131361631106e-44
1216,GEN 1:5,the,und,0.14610905196998894
1217,GEN 1:5,the,nannte,1.8828266413857645e-44
1218,GEN 1:5,the,das,0.15967617248671018
1219,GEN 1:5,the,licht,9.310007295964305e-45
1220,GEN 1:5,the,tag,4.277440231936945e-30
1221,GEN 1:5,the,und,0.14610905196998894
1222,GEN 1:5,the,die,0.04000996343825453
1223,GEN 1:5,the,finsternis,7.596500191387484e-18
1224,GEN 1:5,the,nacht,5.899871803224763e-19
1225,GEN 1:5,the,da,6.9260502588048315e-06
1226,GEN 1:5,the,ward,2.938483677831483e-42
1227,GEN 1:5,the,aus,0.04574619240993952
1228,GEN 1:5,the,abend,0.04574617476024338
1229,GEN 1:5,the,und,0.14610905196998894
1230,GEN 1:5,the,morgen,0.04574622903481879
1231,GEN 1:5,the,der,0.5841401280850187
1232,GEN 1:5,the,erste,3.1093884419981067e-44
1233,GEN 1:5,the,tag,4.277440231936945e-30
1234,GEN 1:5,darkness,und,0.035054326826131216
1235,GEN 1:5,darkness,nannte,1.8828266413857645e-44
1236,GEN 1:5,darkness,das,1.140359289417608e-44
1237,GEN 1:5,darkness,licht,1.140359289417608e-44
1238,GEN 1:5,darkness,tag,1.2795131361631106e-44
1239,GEN 1:5,darkness,und,0.035054326826131216
1240,GEN 1:5,darkness,die,1.5005573611877436e-44
1241,GEN 1:5,darkness,finsternis,0.8250579889718437
1242,GEN 1:5,darkness,nacht,3.315021109027003e-44
1243,GEN 1:5,darkness,da,1.3141273529764346e-44
1244,GEN 1:5,darkness,ward,2.938483677831483e-42
1245,GEN 1:5,darkness,aus,3.1692328593453443e-44
1246,GEN 1:5,darkness,abend,3.2097216484005193e-41
1247,GEN 1:5,darkness,und,0.035054326826131216
1248,GEN 1:5,darkness,morgen,1.283345442646782e-44
1249,GEN 1:5,darkness,der,1.140359289417608e-44
1250,GEN 1:5,darkness,erste,3.1093884419981067e-44
1251,GEN 1:5,darkness,tag,1.2795131361631106e-44
1252,GEN 1:5,he,und,2.3775972047277766e-41
1253,GEN 1:5,he,nannte,2.3775972047277766e-41
1254,GEN 1:5,he,das,2.3775972047277766e-41
1255,GEN 1:5,he,licht,2.3775972047277766e-41
1256,GEN 1:5,he,tag,2.3775972047277766e-41
1257,GEN 1:5,he,und,2.3775972047277766e-41
1258,GEN 1:5,he,die,2.3775972047277766e-41
1259,GEN 1:5,he,finsternis,0.13917038871962945
1260,GEN 1:5,he,nacht,0.03244601509535687
1261,GEN 1:5,he,da,2.3775972047277766e-41
1262,GEN 1:5,he,ward,2.3775972047277766e-41
1263,GEN 1:5,he,aus,2.3775972047277766e-41
1264,GEN 1:5,he,abend,3.2097216484005193e-41
1265,GEN 1:5,he,und,2.3775972047277766e-41
1266,GEN 1:5,he,morgen,2.3775972047277766e-41
1267,GEN 1:5,he,der,2.3775972047277766e-41
1268,GEN 1:5,he,erste,2.3775972047277766e-41
1269,GEN 1:5,he,tag,2.3775972047277766e-41
1270,GEN 1:5,called,und,4.117891700834016e-35
1271,GEN 1:5,called,nannte,0.8966663736261189
1272,GEN 1:5,called,das,1.2801823742297671e-44
1273,GEN 1:5,called,licht,1.2801823742297671e-44
1274,GEN 1:5,called,tag,1.2801823742297671e-44
1275,GEN 1:5,called,und,4.117891700834016e-35
1276,GEN 1:5,called,die,1.5005573611877436e-44
1277,GEN 1:5,called,finsternis,1.2801823742297671e-44
1278,GEN 1:5,called,nacht,0.3352964825840344
1279,GEN 1:5,called,da,1.3141273529764346e-44
1280,GEN 1:5,called,ward,2.938483677831483e-42
1281,GEN 1:5,called,aus,3.1692328593453443e-44
1282,GEN 1:5,called,abend,3.2097216484005193e-41
1283,GEN 1:5,called,und,4.117891700834016e-35
1284,GEN 1:5,called,morgen,1.283345442646782e-44
1285,GEN 1:5,called,der,1.2801823742297671e-44
1286,GEN 1:5,called,erste,3.1093884419981067e-44
1287,GEN 1:5,called,tag,1.2801823742297671e-44
1288,GEN 1:5,night,und,2.3775972047277766e-41
1289,GEN 1:5,night,nannte,2.3775972047277766e-41
1290,GEN 1:5,night,das,2.3775972047277766e-41
1291,GEN 1:5,night,licht,2.3775972047277766e-41
1292,GEN 1:5,night,tag,2.3775972047277766e-41
1293,GEN 1:5,night,und,2.3775972047277766e-41
1294,GEN 1:5,night,die,2.3775972047277766e-41
1295,GEN 1:5,night,finsternis,2.3775972047277766e-41
1296,GEN 1:5,night,nacht,0.003013638060074766
1297,GEN 1:5,night,da,0.26378371964128133
1298,GEN 1:5,night,ward,2.3775972047277766e-41
1299,GEN 1:5,night,aus,2.3775972047277766e-41
1300,GEN 1:5,night,abend,3.2097216484005193e-41
1301,GEN 1:5,night,und,2.3775972047277766e-41
1302,GEN 1:5,night,morgen,2.3775972047277766e-41
1303,GEN 1:5,night,der,2.3775972047277766e-41
1304,GEN 1:5,night,erste,2.3775972047277766e-41
1305,GEN 1:5,night,tag,2.3775972047277766e-41
1306,GEN 1:5,and,und,0.46856703561196517
1307,GEN 1:5,and,nannte,1.8828266413857645e-44
1308,GEN 1:5,and,das,8.081615099917022e-45
1309,GEN 1:5,and,licht,3.14453448175916e-14
1310,GEN 1:5,and,tag,1.2795131361631106e-44
1311,GEN 1:5,and,und,0.46856703561196517
1312,GEN 1:5,and,die,0.5938438995168998
1313,GEN 1:5,and,finsternis,8.802639472040341e-45
1314,GEN 1:5,and,nacht,3.315021109027003e-44
1315,GEN 1:5,and,da,0.10338236922019792
1316,GEN 1:5,and,ward,0.07646193604431946
1317,GEN 1:5,and,aus,3.1692328593453443e-44
1318,GEN 1:5,and,abend,3.2097216484005193e-41
1319,GEN 1:5,and,und,0.46856703561196517
1320,GEN 1:5,and,morgen,1.283345442646782e-44
1321,GEN 1:5,and,der,3.281363220917859e-45
1322,GEN 1:5,and,erste,3.1093884419981067e-44
1323,GEN 1:5,and,tag,1.2795131361631106e-44
1324,GEN 1:5,the,und,0.14610905196998894
1325,GEN 1:5,the,nannte,1.8828266413857645e-44
1326,GEN 1:5,the,das,0.15967617248671018
1327,GEN 1:5,the,licht,9.310007295964305e-45
1328,GEN 1:5,the,tag,4.277440231936945e-30
1329,GEN 1:5,the,und,0.14610905196998894
1330,GEN 1:5,the,die,0.04000996343825453
1331,GEN 1:5,the,finsternis,7.596500191387484e-18
1332,GEN 1:5,the,nacht,5.899871803224763e-19
1333,GEN 1:5,the,da,6.9260502588048315e-06
1334,GEN 1:5,the,ward,2.938483677831483e-42
1335,GEN 1:5,the,aus,0.04574619240993952
1336,GEN 1:5,the,abend,0.04574617476024338
1337,GEN 1:5,the,und,0.14610905196998894
1338,GEN 1:5,the,morgen,0.04574622903481879
1339,GEN 1:5,the,der,0.5841401280850187
1340,GEN 1:5,the,erste,3.1093884419981067e-44
1341,GEN 1:5,the,tag,4.277440231936945e-30
1342,GEN 1:5,evening,und,2.3775972047277766e-41
1343,GEN 1:5,evening,nannte,2.3775972047277766e-41
1344,GEN 1:5,evening,das,2.3775972047277766e-41
1345,GEN 1:5,evening,licht,2.3775972047277766e-41
1346,GEN 1:5,evening,tag,2.3775972047277766e-41
1347,GEN 1:5,evening,und,2.3775972047277766e-41
1348,GEN 1:5,evening,die,2.3775972047277766e-41
1349,GEN 1:5,evening,finsternis,2.3775972047277766e-41
1350,GEN 1:5,evening,nacht,2.3775972047277766e-41
1351,GEN 1:5,evening,da,2.3775972047277766e-41
1352,GEN 1:5,evening,ward,2.3775972047277766e-41
1353,GEN 1:5,evening,aus,0.8330326930521595
1354,GEN 1:5,evening,abend,4.182222972309775e-16
1355,GEN 1:5,evening,und,2.3775972047277766e-41
1356,GEN 1:5,evening,morgen,2.3775972047277766e-41
1357,GEN 1:5,evening,der,2.3775972047277766e-41
1358,GEN 1:5,evening,erste,2.3775972047277766e-41
1359,GEN 1:5,evening,tag,2.3775972047277766e-41
1360,GEN 1:5,and,und,0.46856703561196517
1361,GEN 1:5,and,nannte,1.8828266413857645e-44
1362,GEN 1:5,and,das,8.081615099917022e-45
1363,GEN 1:5,and,licht,3.14453448175916e-14
1364,GEN 1:5,and,tag,1.2795131361631106e-44
1365,GEN 1:5,and,und,0.46856703561196517
1366,GEN 1:5,and,die,0.5938438995168998
1367,GEN 1:5,and,finsternis,8.802639472040341e-45
1368,GEN 1:5,and,nacht,3.315021109027003e-44
1369,GEN 1:5,and,da,0.10338236922019792
1370,GEN 1:5,and,ward,0.07646193604431946
1371,GEN 1:5,and,aus,3.1692328593453443e-44
1372,GEN 1:5,and,abend,3.2097216484005193e-41
1373,GEN 1:5,and,und,0.46856703561196517
1374,GEN 1:5,and,morgen,1.283345442646782e-44
1375,GEN 1:5,and,der,3.281363220917859e-45
1376,GEN 1:5,and,erste,3.1093884419981067e-44
1377,GEN 1:5,and,tag,1.2795131361631106e-44
1378,GEN 1:5,the,und,0.14610905196998894
1379,GEN 1:5,the,nannte,1.8828266413857645e-44
1380,GEN 1:5,the,das,0.15967617248671018
1381,GEN 1:5,the,licht,9.310007295964305e-45
1382,GEN 1:5,the,tag,4.277440231936945e-30
1383,GEN 1:5,the,und,0.14610905196998894
1384,GEN 1:5,the,die,0.04000996343825453
1385,GEN 1:5,the,finsternis,7.596500191387484e-18
1386,GEN 1:5,the,nacht,5.899871803224763e-19
1387,GEN 1:5,the,da,6.9260502588048315e-06
1388,GEN 1:5,the,ward,2.938483677831483e-42
1389,GEN 1:5,the,aus,0.04574619240993952
1390,GEN 1:5,the,abend,0.04574617476024338
1391,GEN 1:5,the,und,0.14610905196998894
1392,GEN 1:5,the,morgen,0.04574622903481879
1393,GEN 1:5,the,der,0.5841401280850187
1394,GEN 1:5,the,erste,3.1093884419981067e-44
1395,GEN 1:5,the,tag,4.277440231936945e-30
1396,GEN 1:5,morning,und,2.3775972047277766e-41
1397,GEN 1:5,morning,nannte,2.3775972047277766e-41
1398,GEN 1:5,morning,das,2.3775972047277766e-41
1399,GEN 1:5,morning,licht,2.3775972047277766e-41
1400,GEN 1:5,morning,tag,2.3775972047277766e-41
1401,GEN 1:5,morning,und,2.3775972047277766e-41
1402,GEN 1:5,morning,die,2.3775972047277766e-41
1403,GEN 1:5,morning,finsternis,2.3775972047277766e-41
1404,GEN 1:5,morning,nacht,2.3775972047277766e-41
1405,GEN 1:5,morning,da,2.3775972047277766e-41
1406,GEN 1:5,morning,ward,2.3775972047277766e-41
1407,GEN 1:5,morning,aus,2.3775972047277766e-41
1408,GEN 1:5,morning,abend,3.2097216484005193e-41
1409,GEN 1:5,morning,und,2.3775972047277766e-41
1410,GEN 1:5,morning,morgen,0.34498049464585956
1411,GEN 1:5,morning,der,2.3775972047277766e-41
1412,GEN 1:5,morning,erste,2.3775972047277766e-41
1413,GEN 1:5,morning,tag,2.3775972047277766e-41
1414,GEN 1:5,were,und,2.3775972047277766e-41
1415,GEN 1:5,were,nannte,2.3775972047277766e-41
1416,GEN 1:5,were,das,2.3775972047277766e-41
1417,GEN 1:5,were,licht,2.3775972047277766e-41
1418,GEN 1:5,were,tag,2.3775972047277766e-41
1419,GEN 1:5,were,und,2.3775972047277766e-41
1420,GEN 1:5,were,die,2.3775972047277766e-41
1421,GEN 1:5,were,finsternis,2.3775972047277766e-41
1422,GEN 1:5,were,nacht,2.3775972047277766e-41
1423,GEN 1:5,were,da,2.3775972047277766e-41
1424,GEN 1:5,were,ward,2.3775972047277766e-41
1425,GEN 1:5,were,aus,2.3775972047277766e-41
1426,GEN 1:5,were,abend,3.2097216484005193e-41
1427,GEN 1:5,were,und,2.3775972047277766e-41
1428,GEN 1:5,were,morgen,0.34498049464585956
1429,GEN 1:5,were,der,2.3775972047277766e-41
1430,GEN 1:5,were,erste,2.3775972047277766e-41
1431,GEN 1:5,were,tag,2.3775972047277766e-41
1432,GEN 1:5,the,und,0.14610905196998894
1433,GEN 1:5,the,nannte,1.8828266413857645e-44
1434,GEN 1:5,the,das,0.15967617248671018
1435,GEN 1:5,the,licht,9.310007295964305e-45
1436,GEN 1:5,the,tag,4.277440231936945e-30
1437,GEN 1:5,the,und,0.14610905196998894
1438,GEN 1:5,the,die,0.04000996343825453
1439,GEN 1:5,the,finsternis,7.596500191387484e-18
1440,GEN 1:5,the,nacht,5.899871803224763e-19
1441,GEN 1:5,the,da,6.9260502588048315e-06
1442,GEN 1:5,the,ward,2.938483677831483e-42
1443,GEN 1:5,the,aus,0.04574619240993952
1444,GEN 1:5,the,abend,0.04574617476024338
1445,GEN 1:5,the,und,0.14610905196998894
1446,GEN 1:5,the,morgen,0.04574622903481879
1447,GEN 1:5,the,der,0.5841401280850187
1448,GEN 1:5,the,erste,3.1093884419981067e-44
1449,GEN 1:5,the,tag,4.277440231936945e-30
1450,GEN 1:5,first,und,3.0258102895763997e-44
1451,GEN 1:5,first,nannte,3.0258102895763997e-44
1452,GEN 1:5,first,das,3.0258102895763997e-44
1453,GEN 1:5,first,licht,3.0258102895763997e-44
1454,GEN 1:5,first,tag,3.0258102895763997e-44
1455,GEN 1:5,first,und,3.0258102895763997e-44
1456,GEN 1:5,first,die,3.0258102895763997e-44
1457,GEN 1:5,first,finsternis,3.0258102895763997e-44
1458,GEN 1:5,first,nacht,3.315021109027003e-44
1459,GEN 1:5,first,da,3.0258102895763997e-44
1460,GEN 1:5,first,ward,2.938483677831483e-42
1461,GEN 1:5,first,aus,3.1692328593453443e-44
1462,GEN 1:5,first,abend,3.2097216484005193e-41
1463,GEN 1:5,first,und,3.0258102895763997e-44
1464,GEN 1:5,first,morgen,3.0258102895763997e-44
1465,GEN 1:5,first,der,3.0258102895763997e-44
1466,GEN 1:5,first,erste,0.8358453827944569
1467,GEN 1:5,first,tag,3.0258102895763997e-44
1468,GEN 1:5,day,und,1.2682192144647973e-44
1469,GEN 1:5,day,nannte,1.8828266413857645e-44
1470,GEN 1:5,day,das,1.2682192144647973e-44
1471,GEN 1:5,day,licht,1.2682192144647973e-44
1472,GEN 1:5,day,tag,0.9257426073880187
1473,GEN 1:5,day,und,1.2682192144647973e-44
1474,GEN 1:5,day,die,1.5005573611877436e-44
1475,GEN 1:5,day,finsternis,1.2682192144647973e-44
1476,GEN 1:5,day,nacht,3.315021109027003e-44
1477,GEN 1:5,day,da,1.3141273529764346e-44
1478,GEN 1:5,day,ward,2.938483677831483e-42
1479,GEN 1:5,day,aus,3.1692328593453443e-44
1480,GEN 1:5,day,abend,3.2097216484005193e-41
1481,GEN 1:5,day,und,1.2682192144647973e-44
1482,GEN 1:5,day,morgen,1.283345442646782e-44
1483,GEN 1:5,day,der,1.2682192144647973e-44
1484,GEN 1:5,day,erste,3.1093884419981067e-44
1485,GEN 1:5,day,tag,0.9257426073880187
