,vref,source,target,translation_score
0,GEN 1:1,am,in,0.9109447440879194
1,GEN 1:1,am,the,0.0025948731870579886
2,GEN 1:1,am,beginning,3.3887619850170754e-44
3,GEN 1:1,am,god,2.696010048902261e-44
4,GEN 1:1,am,created,3.3887619850170754e-44
5,GEN 1:1,am,the,0.0025948731870579886
6,GEN 1:1,am,heaven,3.3887619850170754e-44
7,GEN 1:1,am,and,2.696010048902261e-44
8,GEN 1:1,am,the,0.0025948731870579886
9,GEN 1:1,am,earth,2.696010048902261e-44
10,GEN 1:1,anfang,in,3.3887619850170754e-44
11,GEN 1:1,anfang,the,0.00045581297153797826
12,GEN 1:1,anfang,beginning,0.9109447440879194
13,GEN 1:1,anfang,god,2.828980121632878e-44
14,GEN 1:1,anfang,created,3.3887619850170754e-44
15,GEN 1:1,anfang,the,0.00045581297153797826
16,GEN 1:1,anfang,heaven,3.3887619850170754e-44
17,GEN 1:1,anfang,and,2.828980121632878e-44
18,GEN 1:1,anfang,the,0.00045581297153797826
19,GEN 1:1,anfang,earth,2.828980121632878e-44
20,GEN 1:1,schuf,in,3.3887619850170754e-44
21,GEN 1:1,schuf,the,3.3661819368257673e-44
22,GEN 1:1,schuf,beginning,3.3887619850170754e-44
23,GEN 1:1,schuf,god,9.238474430325982e-41
24,GEN 1:1,schuf,created,0.9109447440879194
25,GEN 1:1,schuf,the,3.3661819368257673e-44
26,GEN 1:1,schuf,heaven,3.3887619850170754e-44
27,GEN 1:1,schuf,and,3.3347055053981686e-44
28,GEN 1:1,schuf,the,3.3661819368257673e-44
29,GEN 1:1,schuf,earth,3.3347055053981686e-44
30,GEN 1:1,gott,in,3.3887619850170754e-44
31,GEN 1:1,gott,the,0.06404997175922418
32,GEN 1:1,gott,beginning,3.3887619850170754e-44
33,GEN 1:1,gott,god,0.8238995817435532
34,GEN 1:1,gott,created,3.3887619850170754e-44
35,GEN 1:1,gott,the,0.06404997175922418
36,GEN 1:1,gott,heaven,3.3887619850170754e-44
37,GEN 1:1,gott,and,0.0005808268161470141
38,GEN 1:1,gott,the,0.06404997175922418
39,GEN 1:1,gott,earth,1.2248831178135886e-44
40,GEN 1:1,himmel,in,3.3887619850170754e-44
41,GEN 1:1,himmel,the,0.0005340689430176316
42,GEN 1:1,himmel,beginning,3.3887619850170754e-44
43,GEN 1:1,himmel,god,2.819010608590727e-44
44,GEN 1:1,himmel,created,3.3887619850170754e-44
45,GEN 1:1,himmel,the,0.0005340689430176316
46,GEN 1:1,himmel,heaven,0.9109447440879194
47,GEN 1:1,himmel,and,2.819010608590727e-44
48,GEN 1:1,himmel,the,0.0005340689430176316
49,GEN 1:1,himmel,earth,2.819010608590727e-44
50,GEN 1:1,und,in,3.3887619850170754e-44
51,GEN 1:1,und,the,0.14610905196998894
52,GEN 1:1,und,beginning,3.3887619850170754e-44
53,GEN 1:1,und,god,0.06149595236501601
54,GEN 1:1,und,created,3.3887619850170754e-44
55,GEN 1:1,und,the,0.14610905196998894
56,GEN 1:1,und,heaven,3.3887619850170754e-44
57,GEN 1:1,und,and,0.46856703561196517
58,GEN 1:1,und,the,0.14610905196998894
59,GEN 1:1,und,earth,1.2248831178135886e-44
60,GEN 1:1,erde,in,3.3887619850170754e-44
61,GEN 1:1,erde,the,1.3883503167252055e-19
62,GEN 1:1,erde,beginning,3.3887619850170754e-44
63,GEN 1:1,erde,god,1.222359287002054e-44
64,GEN 1:1,erde,created,3.3887619850170754e-44
65,GEN 1:1,erde,the,1.3883503167252055e-19
66,GEN 1:1,erde,heaven,3.3887619850170754e-44
67,GEN 1:1,erde,and,1.222359287002054e-44
68,GEN 1:1,erde,the,1.3883503167252055e-19
69,GEN 1:1,erde,earth,0.8862171549333484
70,GEN 1:2,und,and,0.46856703561196517
71,GEN 1:2,und,the,0.14610905196998894
72,GEN 1:2,und,earth,1.2248831178135886e-44
73,GEN 1:2,und,was,3.9769558199855035e-06
74,GEN 1:2,und,without,0.022888689150487404
75,GEN 1:2,und,form,0.03197200773665437
76,GEN 1:2,und,and,0.46856703561196517
77,GEN 1:2,und,void,0.03197201729291063
78,GEN 1:2,und,and,0.46856703561196517
79,GEN 1:2,und,darkness,0.035054326826131216
80,GEN 1:2,und,was,3.9769558199855035e-06
81,GEN 1:2,und,upon,0.007903019105154622
82,GEN 1:2,und,the,0.14610905196998894
83,GEN 1:2,und,face,1.7752540795769687e-43
84,GEN 1:2,und,of,6.219005250822331e-45
85,GEN 1:2,und,the,0.14610905196998894
86,GEN 1:2,und,deep,1.54658685774318e-41
87,GEN 1:2,und,and,0.46856703561196517
88,GEN 1:2,und,the,0.14610905196998894
89,GEN 1:2,und,spirit,1.54658685774318e-41
90,GEN 1:2,und,of,6.219005250822331e-45
91,GEN 1:2,und,god,0.06149595236501601
92,GEN 1:2,und,moved,1.54658685774318e-41
93,GEN 1:2,und,upon,0.007903019105154622
94,GEN 1:2,und,the,0.14610905196998894
95,GEN 1:2,und,face,1.7752540795769687e-43
96,GEN 1:2,und,of,6.219005250822331e-45
97,GEN 1:2,und,the,0.14610905196998894
98,GEN 1:2,und,waters,2.9856139740007055e-44
99,GEN 1:2,die,and,0.5938438995168998
100,GEN 1:2,die,the,0.04000996343825453
101,GEN 1:2,die,earth,1.5005573611877436e-44
102,GEN 1:2,die,was,1.5005573611877436e-44
103,GEN 1:2,die,without,1.54658685774318e-41
104,GEN 1:2,die,form,1.54658685774318e-41
105,GEN 1:2,die,and,0.5938438995168998
106,GEN 1:2,die,void,1.54658685774318e-41
107,GEN 1:2,die,and,0.5938438995168998
108,GEN 1:2,die,darkness,1.5005573611877436e-44
109,GEN 1:2,die,was,1.5005573611877436e-44
110,GEN 1:2,die,upon,1.54658685774318e-41
111,GEN 1:2,die,the,0.04000996343825453
112,GEN 1:2,die,face,1.7752540795769687e-43
113,GEN 1:2,die,of,1.5005573611877436e-44
114,GEN 1:2,die,the,0.04000996343825453
115,GEN 1:2,die,deep,1.54658685774318e-41
116,GEN 1:2,die,and,0.5938438995168998
117,GEN 1:2,die,the,0.04000996343825453
118,GEN 1:2,die,spirit,1.54658685774318e-41
119,GEN 1:2,die,of,1.5005573611877436e-44
120,GEN 1:2,die,god,1.5005573611877436e-44
121,GEN 1:2,die,moved,1.54658685774318e-41
122,GEN 1:2,die,upon,1.54658685774318e-41
123,GEN 1:2,die,the,0.04000996343825453
124,GEN 1:2,die,face,1.7752540795769687e-43
125,GEN 1:2,die,of,1.5005573611877436e-44
126,GEN 1:2,die,the,0.04000996343825453
127,GEN 1:2,die,waters,2.9856139740007055e-44
128,GEN 1:2,erde,and,1.222359287002054e-44
129,GEN 1:2,erde,the,1.3883503167252055e-19
130,GEN 1:2,erde,earth,0.8862171549333484
131,GEN 1:2,erde,was,1.222359287002054e-44
132,GEN 1:2,erde,without,1.54658685774318e-41
133,GEN 1:2,erde,form,1.54658685774318e-41
134,GEN 1:2,erde,and,1.222359287002054e-44
135,GEN 1:2,erde,void,1.54658685774318e-41
136,GEN 1:2,erde,and,1.222359287002054e-44
137,GEN 1:2,erde,darkness,1.222359287002054e-44
138,GEN 1:2,erde,was,1.222359287002054e-44
139,GEN 1:2,erde,upon,1.54658685774318e-41
140,GEN 1:2,erde,the,1.3883503167252055e-19
141,GEN 1:2,erde,face,1.7752540795769687e-43
142,GEN 1:2,erde,of,1.222359287002054e-44
143,GEN 1:2,erde,the,1.3883503167252055e-19
144,GEN 1:2,erde,deep,1.54658685774318e-41
145,GEN 1:2,erde,and,1.222359287002054e-44
146,GEN 1:2,erde,the,1.3883503167252055e-19
147,GEN 1:2,erde,spirit,1.54658685774318e-41
148,GEN 1:2,erde,of,1.222359287002054e-44
149,GEN 1:2,erde,god,1.222359287002054e-44
150,GEN 1:2,erde,moved,1.54658685774318e-41
151,GEN 1:2,erde,upon,1.54658685774318e-41
152,GEN 1:2,erde,the,1.3883503167252055e-19
153,GEN 1:2,erde,face,1.7752540795769687e-43
154,GEN 1:2,erde,of,1.222359287002054e-44
155,GEN 1:2,erde,the,1.3883503167252055e-19
156,GEN 1:2,erde,waters,2.9856139740007055e-44
157,GEN 1:2,war,and,0.007815642366957311
158,GEN 1:2,war,the,1.7214455063498668e-09
159,GEN 1:2,war,earth,1.2248831178135886e-44
160,GEN 1:2,war,was,0.7665888687361028
161,GEN 1:2,war,without,0.0012111547634542396
162,GEN 1:2,war,form,1.54658685774318e-41
163,GEN 1:2,war,and,0.007815642366957311
164,GEN 1:2,war,void,1.54658685774318e-41
165,GEN 1:2,war,and,0.007815642366957311
166,GEN 1:2,war,darkness,1.140359289417608e-44
167,GEN 1:2,war,was,0.7665888687361028
168,GEN 1:2,war,upon,1.54658685774318e-41
169,GEN 1:2,war,the,1.7214455063498668e-09
170,GEN 1:2,war,face,1.7752540795769687e-43
171,GEN 1:2,war,of,6.976019984172574e-45
172,GEN 1:2,war,the,1.7214455063498668e-09
173,GEN 1:2,war,deep,1.54658685774318e-41
174,GEN 1:2,war,and,0.007815642366957311
175,GEN 1:2,war,the,1.7214455063498668e-09
176,GEN 1:2,war,spirit,1.54658685774318e-41
177,GEN 1:2,war,of,6.976019984172574e-45
178,GEN 1:2,war,god,6.976019984172574e-45
179,GEN 1:2,war,moved,1.54658685774318e-41
180,GEN 1:2,war,upon,1.54658685774318e-41
181,GEN 1:2,war,the,1.7214455063498668e-09
182,GEN 1:2,war,face,1.7752540795769687e-43
183,GEN 1:2,war,of,6.976019984172574e-45
184,GEN 1:2,war,the,1.7214455063498668e-09
185,GEN 1:2,war,waters,2.9856139740007055e-44
186,GEN 1:2,wüst,and,0.041087226241759145
187,GEN 1:2,wüst,the,1.54658685774318e-41
188,GEN 1:2,wüst,earth,1.54658685774318e-41
189,GEN 1:2,wüst,was,1.54658685774318e-41
190,GEN 1:2,wüst,without,1.54658685774318e-41
191,GEN 1:2,wüst,form,1.54658685774318e-41
192,GEN 1:2,wüst,and,0.041087226241759145
193,GEN 1:2,wüst,void,1.54658685774318e-41
194,GEN 1:2,wüst,and,0.041087226241759145
195,GEN 1:2,wüst,darkness,1.54658685774318e-41
196,GEN 1:2,wüst,was,1.54658685774318e-41
197,GEN 1:2,wüst,upon,1.54658685774318e-41
198,GEN 1:2,wüst,the,1.54658685774318e-41
199,GEN 1:2,wüst,face,1.54658685774318e-41
200,GEN 1:2,wüst,of,1.54658685774318e-41
201,GEN 1:2,wüst,the,1.54658685774318e-41
202,GEN 1:2,wüst,deep,1.54658685774318e-41
203,GEN 1:2,wüst,and,0.041087226241759145
204,GEN 1:2,wüst,the,1.54658685774318e-41
205,GEN 1:2,wüst,spirit,1.54658685774318e-41
206,GEN 1:2,wüst,of,1.54658685774318e-41
207,GEN 1:2,wüst,god,1.54658685774318e-41
208,GEN 1:2,wüst,moved,1.54658685774318e-41
209,GEN 1:2,wüst,upon,1.54658685774318e-41
210,GEN 1:2,wüst,the,1.54658685774318e-41
211,GEN 1:2,wüst,face,1.54658685774318e-41
212,GEN 1:2,wüst,of,1.54658685774318e-41
213,GEN 1:2,wüst,the,1.54658685774318e-41
214,GEN 1:2,wüst,waters,1.54658685774318e-41
215,GEN 1:2,und,and,0.46856703561196517
216,GEN 1:2,und,the,0.14610905196998894
217,GEN 1:2,und,earth,1.2248831178135886e-44
218,GEN 1:2,und,was,3.9769558199855035e-06
219,GEN 1:2,und,without,0.022888689150487404
220,GEN 1:2,und,form,0.03197200773665437
221,GEN 1:2,und,and,0.46856703561196517
222,GEN 1:2,und,void,0.03197201729291063
223,GEN 1:2,und,and,0.46856703561196517
224,GEN 1:2,und,darkness,0.035054326826131216
225,GEN 1:2,und,was,3.9769558199855035e-06
226,GEN 1:2,und,upon,0.007903019105154622
227,GEN 1:2,und,the,0.14610905196998894
228,GEN 1:2,und,face,1.7752540795769687e-43
229,GEN 1:2,und,of,6.219005250822331e-45
230,GEN 1:2,und,the,0.14610905196998894
231,GEN 1:2,und,deep,1.54658685774318e-41
232,GEN 1:2,und,and,0.46856703561196517
233,GEN 1:2,und,the,0.14610905196998894
234,GEN 1:2,und,spirit,1.54658685774318e-41
235,GEN 1:2,und,of,6.219005250822331e-45
236,GEN 1:2,und,god,0.06149595236501601
237,GEN 1:2,und,moved,1.54658685774318e-41
238,GEN 1:2,und,upon,0.007903019105154622
239,GEN 1:2,und,the,0.14610905196998894
240,GEN 1:2,und,face,1.7752540795769687e-43
241,GEN 1:2,und,of,6.219005250822331e-45
242,GEN 1:2,und,the,0.14610905196998894
243,GEN 1:2,und,waters,2.9856139740007055e-44
244,GEN 1:2,leer,and,0.041087226241759145
245,GEN 1:2,leer,the,1.54658685774318e-41
246,GEN 1:2,leer,earth,1.54658685774318e-41
247,GEN 1:2,leer,was,1.54658685774318e-41
248,GEN 1:2,leer,without,1.54658685774318e-41
249,GEN 1:2,leer,form,1.54658685774318e-41
250,GEN 1:2,leer,and,0.041087226241759145
251,GEN 1:2,leer,void,1.54658685774318e-41
252,GEN 1:2,leer,and,0.041087226241759145
253,GEN 1:2,leer,darkness,1.54658685774318e-41
254,GEN 1:2,leer,was,1.54658685774318e-41
255,GEN 1:2,leer,upon,1.54658685774318e-41
256,GEN 1:2,leer,the,1.54658685774318e-41
257,GEN 1:2,leer,face,1.54658685774318e-41
258,GEN 1:2,leer,of,1.54658685774318e-41
259,GEN 1:2,leer,the,1.54658685774318e-41
260,GEN 1:2,leer,deep,1.54658685774318e-41
261,GEN 1:2,leer,and,0.041087226241759145
262,GEN 1:2,leer,the,1.54658685774318e-41
263,GEN 1:2,leer,spirit,1.54658685774318e-41
264,GEN 1:2,leer,of,1.54658685774318e-41
265,GEN 1:2,leer,god,1.54658685774318e-41
266,GEN 1:2,leer,moved,1.54658685774318e-41
267,GEN 1:2,leer,upon,1.54658685774318e-41
268,GEN 1:2,leer,the,1.54658685774318e-41
269,GEN 1:2,leer,face,1.54658685774318e-41
270,GEN 1:2,leer,of,1.54658685774318e-41
271,GEN 1:2,leer,the,1.54658685774318e-41
272,GEN 1:2,leer,waters,1.54658685774318e-41
273,GEN 1:2,und,and,0.46856703561196517
274,GEN 1:2,und,the,0.14610905196998894
275,GEN 1:2,und,earth,1.2248831178135886e-44
276,GEN 1:2,und,was,3.9769558199855035e-06
277,GEN 1:2,und,without,0.022888689150487404
278,GEN 1:2,und,form,0.03197200773665437
279,GEN 1:2,und,and,0.46856703561196517
280,GEN 1:2,und,void,0.03197201729291063
281,GEN 1:2,und,and,0.46856703561196517
282,GEN 1:2,und,darkness,0.035054326826131216
283,GEN 1:2,und,was,3.9769558199855035e-06
284,GEN 1:2,und,upon,0.007903019105154622
285,GEN 1:2,und,the,0.14610905196998894
286,GEN 1:2,und,face,1.7752540795769687e-43
287,GEN 1:2,und,of,6.219005250822331e-45
288,GEN 1:2,und,the,0.14610905196998894
289,GEN 1:2,und,deep,1.54658685774318e-41
290,GEN 1:2,und,and,0.46856703561196517
291,GEN 1:2,und,the,0.14610905196998894
292,GEN 1:2,und,spirit,1.54658685774318e-41
293,GEN 1:2,und,of,6.219005250822331e-45
294,GEN 1:2,und,god,0.06149595236501601
295,GEN 1:2,und,moved,1.54658685774318e-41
296,GEN 1:2,und,upon,0.007903019105154622
297,GEN 1:2,und,the,0.14610905196998894
298,GEN 1:2,und,face,1.7752540795769687e-43
299,GEN 1:2,und,of,6.219005250822331e-45
300,GEN 1:2,und,the,0.14610905196998894
301,GEN 1:2,und,waters,2.9856139740007055e-44
302,GEN 1:2,es,and,0.0030129645659542933
303,GEN 1:2,es,the,8.281755466393365e-45
304,GEN 1:2,es,earth,1.2248831178135886e-44
305,GEN 1:2,es,was,0.11172998918241318
306,GEN 1:2,es,without,1.54658685774318e-41
307,GEN 1:2,es,form,1.54658685774318e-41
308,GEN 1:2,es,and,0.0030129645659542933
309,GEN 1:2,es,void,1.54658685774318e-41
310,GEN 1:2,es,and,0.0030129645659542933
311,GEN 1:2,es,darkness,1.140359289417608e-44
312,GEN 1:2,es,was,0.11172998918241318
313,GEN 1:2,es,upon,1.54658685774318e-41
314,GEN 1:2,es,the,8.281755466393365e-45
315,GEN 1:2,es,face,1.7752540795769687e-43
316,GEN 1:2,es,of,8.281755466393365e-45
317,GEN 1:2,es,the,8.281755466393365e-45
318,GEN 1:2,es,deep,1.54658685774318e-41
319,GEN 1:2,es,and,0.0030129645659542933
320,GEN 1:2,es,the,8.281755466393365e-45
321,GEN 1:2,es,spirit,1.54658685774318e-41
322,GEN 1:2,es,of,8.281755466393365e-45
323,GEN 1:2,es,god,8.281755466393365e-45
324,GEN 1:2,es,moved,1.54658685774318e-41
325,GEN 1:2,es,upon,1.54658685774318e-41
326,GEN 1:2,es,the,8.281755466393365e-45
327,GEN 1:2,es,face,1.7752540795769687e-43
328,GEN 1:2,es,of,8.281755466393365e-45
329,GEN 1:2,es,the,8.281755466393365e-45
330,GEN 1:2,es,waters,2.9856139740007055e-44
331,GEN 1:2,war,and,0.007815642366957311
332,GEN 1:2,war,the,1.7214455063498668e-09
333,GEN 1:2,war,earth,1.2248831178135886e-44
334,GEN 1:2,war,was,0.7665888687361028
335,GEN 1:2,war,without,0.0012111547634542396
336,GEN 1:2,war,form,1.54658685774318e-41
337,GEN 1:2,war,and,0.007815642366957311
338,GEN 1:2,war,void,1.54658685774318e-41
339,GEN 1:2,war,and,0.007815642366957311
340,GEN 1:2,war,darkness,1.140359289417608e-44
341,GEN 1:2,war,was,0.7665888687361028
342,GEN 1:2,war,upon,1.54658685774318e-41
343,GEN 1:2,war,the,1.7214455063498668e-09
344,GEN 1:2,war,face,1.7752540795769687e-43
345,GEN 1:2,war,of,6.976019984172574e-45
346,GEN 1:2,war,the,1.7214455063498668e-09
347,GEN 1:2,war,deep,1.54658685774318e-41
348,GEN 1:2,war,and,0.007815642366957311
349,GEN 1:2,war,the,1.7214455063498668e-09
350,GEN 1:2,war,spirit,1.54658685774318e-41
351,GEN 1:2,war,of,6.976019984172574e-45
352,GEN 1:2,war,god,6.976019984172574e-45
353,GEN 1:2,war,moved,1.54658685774318e-41
354,GEN 1:2,war,upon,1.54658685774318e-41
355,GEN 1:2,war,the,1.7214455063498668e-09
356,GEN 1:2,war,face,1.7752540795769687e-43
357,GEN 1:2,war,of,6.976019984172574e-45
358,GEN 1:2,war,the,1.7214455063498668e-09
359,GEN 1:2,war,waters,2.9856139740007055e-44
360,GEN 1:2,finster,and,1.54658685774318e-41
361,GEN 1:2,finster,the,0.04574622903481879
362,GEN 1:2,finster,earth,1.54658685774318e-41
363,GEN 1:2,finster,was,1.54658685774318e-41
364,GEN 1:2,finster,without,1.54658685774318e-41
365,GEN 1:2,finster,form,1.54658685774318e-41
366,GEN 1:2,finster,and,1.54658685774318e-41
367,GEN 1:2,finster,void,1.54658685774318e-41
368,GEN 1:2,finster,and,1.54658685774318e-41
369,GEN 1:2,finster,darkness,1.54658685774318e-41
370,GEN 1:2,finster,was,1.54658685774318e-41
371,GEN 1:2,finster,upon,1.54658685774318e-41
372,GEN 1:2,finster,the,0.04574622903481879
373,GEN 1:2,finster,face,1.54658685774318e-41
374,GEN 1:2,finster,of,1.54658685774318e-41
375,GEN 1:2,finster,the,0.04574622903481879
376,GEN 1:2,finster,deep,1.54658685774318e-41
377,GEN 1:2,finster,and,1.54658685774318e-41
378,GEN 1:2,finster,the,0.04574622903481879
379,GEN 1:2,finster,spirit,1.54658685774318e-41
380,GEN 1:2,finster,of,1.54658685774318e-41
381,GEN 1:2,finster,god,1.54658685774318e-41
382,GEN 1:2,finster,moved,1.54658685774318e-41
383,GEN 1:2,finster,upon,1.54658685774318e-41
384,GEN 1:2,finster,the,0.04574622903481879
385,GEN 1:2,finster,face,1.54658685774318e-41
386,GEN 1:2,finster,of,1.54658685774318e-41
387,GEN 1:2,finster,the,0.04574622903481879
388,GEN 1:2,finster,waters,1.54658685774318e-41
389,GEN 1:2,auf,and,3.5240180370426096e-45
390,GEN 1:2,auf,the,0.0012653378537037046
391,GEN 1:2,auf,earth,1.2248831178135886e-44
392,GEN 1:2,auf,was,6.054029172683512e-45
393,GEN 1:2,auf,without,1.54658685774318e-41
394,GEN 1:2,auf,form,1.54658685774318e-41
395,GEN 1:2,auf,and,3.5240180370426096e-45
396,GEN 1:2,auf,void,1.54658685774318e-41
397,GEN 1:2,auf,and,3.5240180370426096e-45
398,GEN 1:2,auf,darkness,1.140359289417608e-44
399,GEN 1:2,auf,was,6.054029172683512e-45
400,GEN 1:2,auf,upon,0.17462546862067302
401,GEN 1:2,auf,the,0.0012653378537037046
402,GEN 1:2,auf,face,0.31469046950234386
403,GEN 1:2,auf,of,0.36086954359706425
404,GEN 1:2,auf,the,0.0012653378537037046
405,GEN 1:2,auf,deep,1.54658685774318e-41
406,GEN 1:2,auf,and,3.5240180370426096e-45
407,GEN 1:2,auf,the,0.0012653378537037046
408,GEN 1:2,auf,spirit,1.54658685774318e-41
409,GEN 1:2,auf,of,0.36086954359706425
410,GEN 1:2,auf,god,4.967283679763376e-45
411,GEN 1:2,auf,moved,1.54658685774318e-41
412,GEN 1:2,auf,upon,0.17462546862067302
413,GEN 1:2,auf,the,0.0012653378537037046
414,GEN 1:2,auf,face,0.31469046950234386
415,GEN 1:2,auf,of,0.36086954359706425
416,GEN 1:2,auf,the,0.0012653378537037046
417,GEN 1:2,auf,waters,2.9856139740007055e-44
418,GEN 1:2,der,and,3.281363220917859e-45
419,GEN 1:2,der,the,0.5841401280850187
420,GEN 1:2,der,earth,1.2248831178135886e-44
421,GEN 1:2,der,was,6.054029172683512e-45
422,GEN 1:2,der,without,1.54658685774318e-41
423,GEN 1:2,der,form,1.54658685774318e-41
424,GEN 1:2,der,and,3.281363220917859e-45
425,GEN 1:2,der,void,1.54658685774318e-41
426,GEN 1:2,der,and,3.281363220917859e-45
427,GEN 1:2,der,darkness,1.140359289417608e-44
428,GEN 1:2,der,was,6.054029172683512e-45
429,GEN 1:2,der,upon,1.3801748015471988e-33
430,GEN 1:2,der,the,0.5841401280850187
431,GEN 1:2,der,face,1.7752540795769687e-43
432,GEN 1:2,der,of,0.009027938736151061
433,GEN 1:2,der,the,0.5841401280850187
434,GEN 1:2,der,deep,0.08820745135700192
435,GEN 1:2,der,and,3.281363220917859e-45
436,GEN 1:2,der,the,0.5841401280850187
437,GEN 1:2,der,spirit,0.08820745135700192
438,GEN 1:2,der,of,0.009027938736151061
439,GEN 1:2,der,god,4.967283679763376e-45
440,GEN 1:2,der,moved,4.888990856305703e-11
441,GEN 1:2,der,upon,1.3801748015471988e-33
442,GEN 1:2,der,the,0.5841401280850187
443,GEN 1:2,der,face,1.7752540795769687e-43
444,GEN 1:2,der,of,0.009027938736151061
445,GEN 1:2,der,the,0.5841401280850187
446,GEN 1:2,der,waters,2.9856139740007055e-44
447,GEN 1:2,tiefe,and,1.5465797087194255e-41
448,GEN 1:2,tiefe,the,0.04574622903481879
449,GEN 1:2,tiefe,earth,1.5465797087194255e-41
450,GEN 1:2,tiefe,was,1.5465797087194255e-41
451,GEN 1:2,tiefe,without,1.54658685774318e-41
452,GEN 1:2,tiefe,form,1.54658685774318e-41
453,GEN 1:2,tiefe,and,1.5465797087194255e-41
454,GEN 1:2,tiefe,void,1.54658685774318e-41
455,GEN 1:2,tiefe,and,1.5465797087194255e-41
456,GEN 1:2,tiefe,darkness,1.5465797087194255e-41
457,GEN 1:2,tiefe,was,1.5465797087194255e-41
458,GEN 1:2,tiefe,upon,1.54658685774318e-41
459,GEN 1:2,tiefe,the,0.04574622903481879
460,GEN 1:2,tiefe,face,1.5465797087194255e-41
461,GEN 1:2,tiefe,of,1.5465797087194255e-41
462,GEN 1:2,tiefe,the,0.04574622903481879
463,GEN 1:2,tiefe,deep,1.54658685774318e-41
464,GEN 1:2,tiefe,and,1.5465797087194255e-41
465,GEN 1:2,tiefe,the,0.04574622903481879
466,GEN 1:2,tiefe,spirit,1.54658685774318e-41
467,GEN 1:2,tiefe,of,1.5465797087194255e-41
468,GEN 1:2,tiefe,god,1.5465797087194255e-41
469,GEN 1:2,tiefe,moved,1.54658685774318e-41
470,GEN 1:2,tiefe,upon,1.54658685774318e-41
471,GEN 1:2,tiefe,the,0.04574622903481879
472,GEN 1:2,tiefe,face,1.5465797087194255e-41
473,GEN 1:2,tiefe,of,1.5465797087194255e-41
474,GEN 1:2,tiefe,the,0.04574622903481879
475,GEN 1:2,tiefe,waters,1.5465797087194255e-41
476,GEN 1:2,und,and,0.46856703561196517
477,GEN 1:2,und,the,0.14610905196998894
478,GEN 1:2,und,earth,1.2248831178135886e-44
479,GEN 1:2,und,was,3.9769558199855035e-06
480,GEN 1:2,und,without,0.022888689150487404
481,GEN 1:2,und,form,0.03197200773665437
482,GEN 1:2,und,and,0.46856703561196517
483,GEN 1:2,und,void,0.03197201729291063
484,GEN 1:2,und,and,0.46856703561196517
485,GEN 1:2,und,darkness,0.035054326826131216
486,GEN 1:2,und,was,3.9769558199855035e-06
487,GEN 1:2,und,upon,0.007903019105154622
488,GEN 1:2,und,the,0.14610905196998894
489,GEN 1:2,und,face,1.7752540795769687e-43
490,GEN 1:2,und,of,6.219005250822331e-45
491,GEN 1:2,und,the,0.14610905196998894
492,GEN 1:2,und,deep,1.54658685774318e-41
493,GEN 1:2,und,and,0.46856703561196517
494,GEN 1:2,und,the,0.14610905196998894
495,GEN 1:2,und,spirit,1.54658685774318e-41
496,GEN 1:2,und,of,6.219005250822331e-45
497,GEN 1:2,und,god,0.06149595236501601
498,GEN 1:2,und,moved,1.54658685774318e-41
499,GEN 1:2,und,upon,0.007903019105154622
500,GEN 1:2,und,the,0.14610905196998894
501,GEN 1:2,und,face,1.7752540795769687e-43
502,GEN 1:2,und,of,6.219005250822331e-45
503,GEN 1:2,und,the,0.14610905196998894
504,GEN 1:2,und,waters,2.9856139740007055e-44
505,GEN 1:2,der,and,3.281363220917859e-45
506,GEN 1:2,der,the,0.5841401280850187
507,GEN 1:2,der,earth,1.2248831178135886e-44
508,GEN 1:2,der,was,6.054029172683512e-45
509,GEN 1:2,der,without,1.54658685774318e-41
510,GEN 1:2,der,form,1.54658685774318e-41
511,GEN 1:2,der,and,3.281363220917859e-45
512,GEN 1:2,der,void,1.54658685774318e-41
513,GEN 1:2,der,and,3.281363220917859e-45
514,GEN 1:2,der,darkness,1.140359289417608e-44
515,GEN 1:2,der,was,6.054029172683512e-45
516,GEN 1:2,der,upon,1.3801748015471988e-33
517,GEN 1:2,der,the,0.5841401280850187
518,GEN 1:2,der,face,1.7752540795769687e-43
519,GEN 1:2,der,of,0.009027938736151061
520,GEN 1:2,der,the,0.5841401280850187
521,GEN 1:2,der,deep,0.08820745135700192
522,GEN 1:2,der,and,3.281363220917859e-45
523,GEN 1:2,der,the,0.5841401280850187
524,GEN 1:2,der,spirit,0.08820745135700192
525,GEN 1:2,der,of,0.009027938736151061
526,GEN 1:2,der,god,4.967283679763376e-45
527,GEN 1:2,der,moved,4.888990856305703e-11
528,GEN 1:2,der,upon,1.3801748015471988e-33
529,GEN 1:2,der,the,0.5841401280850187
530,GEN 1:2,der,face,1.7752540795769687e-43
531,GEN 1:2,der,of,0.009027938736151061
532,GEN 1:2,der,the,0.5841401280850187
533,GEN 1:2,der,waters,2.9856139740007055e-44
534,GEN 1:2,geist,and,3.565920719878654e-44
535,GEN 1:2,geist,the,1.6349241765840914e-07
536,GEN 1:2,geist,earth,3.565920719878654e-44
537,GEN 1:2,geist,was,3.565920719878654e-44
538,GEN 1:2,geist,without,1.54658685774318e-41
539,GEN 1:2,geist,form,1.54658685774318e-41
540,GEN 1:2,geist,and,3.565920719878654e-44
541,GEN 1:2,geist,void,1.54658685774318e-41
542,GEN 1:2,geist,and,3.565920719878654e-44
543,GEN 1:2,geist,darkness,3.565920719878654e-44
544,GEN 1:2,geist,was,3.565920719878654e-44
545,GEN 1:2,geist,upon,1.54658685774318e-41
546,GEN 1:2,geist,the,1.6349241765840914e-07
547,GEN 1:2,geist,face,1.7752540795769687e-43
548,GEN 1:2,geist,of,0.14858132718276218
549,GEN 1:2,geist,the,1.6349241765840914e-07
550,GEN 1:2,geist,deep,1.54658685774318e-41
551,GEN 1:2,geist,and,3.565920719878654e-44
552,GEN 1:2,geist,the,1.6349241765840914e-07
553,GEN 1:2,geist,spirit,1.54658685774318e-41
554,GEN 1:2,geist,of,0.14858132718276218
555,GEN 1:2,geist,god,3.565920719878654e-44
556,GEN 1:2,geist,moved,0.7691953033857635
557,GEN 1:2,geist,upon,1.54658685774318e-41
558,GEN 1:2,geist,the,1.6349241765840914e-07
559,GEN 1:2,geist,face,1.7752540795769687e-43
560,GEN 1:2,geist,of,0.14858132718276218
561,GEN 1:2,geist,the,1.6349241765840914e-07
562,GEN 1:2,geist,waters,3.565920719878654e-44
563,GEN 1:2,gottes,and,1.5437433503668534e-42
564,GEN 1:2,gottes,the,0.022880468413021406
565,GEN 1:2,gottes,earth,1.5437433503668534e-42
566,GEN 1:2,gottes,was,1.5437433503668534e-42
567,GEN 1:2,gottes,without,1.54658685774318e-41
568,GEN 1:2,gottes,form,1.54658685774318e-41
569,GEN 1:2,gottes,and,1.5437433503668534e-42
570,GEN 1:2,gottes,void,1.54658685774318e-41
571,GEN 1:2,gottes,and,1.5437433503668534e-42
572,GEN 1:2,gottes,darkness,1.5437433503668534e-42
573,GEN 1:2,gottes,was,1.5437433503668534e-42
574,GEN 1:2,gottes,upon,1.54658685774318e-41
575,GEN 1:2,gottes,the,0.022880468413021406
576,GEN 1:2,gottes,face,1.5437433503668534e-42
577,GEN 1:2,gottes,of,0.012573818583170474
578,GEN 1:2,gottes,the,0.022880468413021406
579,GEN 1:2,gottes,deep,1.54658685774318e-41
580,GEN 1:2,gottes,and,1.5437433503668534e-42
581,GEN 1:2,gottes,the,0.022880468413021406
582,GEN 1:2,gottes,spirit,1.54658685774318e-41
583,GEN 1:2,gottes,of,0.012573818583170474
584,GEN 1:2,gottes,god,1.5437433503668534e-42
585,GEN 1:2,gottes,moved,0.0015138034254239881
586,GEN 1:2,gottes,upon,1.54658685774318e-41
587,GEN 1:2,gottes,the,0.022880468413021406
588,GEN 1:2,gottes,face,1.5437433503668534e-42
589,GEN 1:2,gottes,of,0.012573818583170474
590,GEN 1:2,gottes,the,0.022880468413021406
591,GEN 1:2,gottes,waters,1.5437433503668534e-42
592,GEN 1:2,schwebte,and,1.5462532769673992e-41
593,GEN 1:2,schwebte,the,0.04484934957762565
594,GEN 1:2,schwebte,earth,1.5462532769673992e-41
595,GEN 1:2,schwebte,was,1.5462532769673992e-41
596,GEN 1:2,schwebte,without,1.54658685774318e-41
597,GEN 1:2,schwebte,form,1.54658685774318e-41
598,GEN 1:2,schwebte,and,1.5462532769673992e-41
599,GEN 1:2,schwebte,void,1.54658685774318e-41
600,GEN 1:2,schwebte,and,1.5462532769673992e-41
601,GEN 1:2,schwebte,darkness,1.5462532769673992e-41
602,GEN 1:2,schwebte,was,1.5462532769673992e-41
603,GEN 1:2,schwebte,upon,1.54658685774318e-41
604,GEN 1:2,schwebte,the,0.04484934957762565
605,GEN 1:2,schwebte,face,1.5462532769673992e-41
606,GEN 1:2,schwebte,of,3.853816468253741e-21
607,GEN 1:2,schwebte,the,0.04484934957762565
608,GEN 1:2,schwebte,deep,1.54658685774318e-41
609,GEN 1:2,schwebte,and,1.5462532769673992e-41
610,GEN 1:2,schwebte,the,0.04484934957762565
611,GEN 1:2,schwebte,spirit,1.54658685774318e-41
612,GEN 1:2,schwebte,of,3.853816468253741e-21
613,GEN 1:2,schwebte,god,1.5462532769673992e-41
614,GEN 1:2,schwebte,moved,1.54658685774318e-41
615,GEN 1:2,schwebte,upon,1.54658685774318e-41
616,GEN 1:2,schwebte,the,0.04484934957762565
617,GEN 1:2,schwebte,face,1.5462532769673992e-41
618,GEN 1:2,schwebte,of,3.853816468253741e-21
619,GEN 1:2,schwebte,the,0.04484934957762565
620,GEN 1:2,schwebte,waters,1.5462532769673992e-41
621,GEN 1:2,auf,and,3.5240180370426096e-45
622,GEN 1:2,auf,the,0.0012653378537037046
623,GEN 1:2,auf,earth,1.2248831178135886e-44
624,GEN 1:2,auf,was,6.054029172683512e-45
625,GEN 1:2,auf,without,1.54658685774318e-41
626,GEN 1:2,auf,form,1.54658685774318e-41
627,GEN 1:2,auf,and,3.5240180370426096e-45
628,GEN 1:2,auf,void,1.54658685774318e-41
629,GEN 1:2,auf,and,3.5240180370426096e-45
630,GEN 1:2,auf,darkness,1.140359289417608e-44
631,GEN 1:2,auf,was,6.054029172683512e-45
632,GEN 1:2,auf,upon,0.17462546862067302
633,GEN 1:2,auf,the,0.0012653378537037046
634,GEN 1:2,auf,face,0.31469046950234386
635,GEN 1:2,auf,of,0.36086954359706425
636,GEN 1:2,auf,the,0.0012653378537037046
637,GEN 1:2,auf,deep,1.54658685774318e-41
638,GEN 1:2,auf,and,3.5240180370426096e-45
639,GEN 1:2,auf,the,0.0012653378537037046
640,GEN 1:2,auf,spirit,1.54658685774318e-41
641,GEN 1:2,auf,of,0.36086954359706425
642,GEN 1:2,auf,god,4.967283679763376e-45
643,GEN 1:2,auf,moved,1.54658685774318e-41
644,GEN 1:2,auf,upon,0.17462546862067302
645,GEN 1:2,auf,the,0.0012653378537037046
646,GEN 1:2,auf,face,0.31469046950234386
647,GEN 1:2,auf,of,0.36086954359706425
648,GEN 1:2,auf,the,0.0012653378537037046
649,GEN 1:2,auf,waters,2.9856139740007055e-44
650,GEN 1:2,dem,and,1.54658685774318e-41
651,GEN 1:2,dem,the,0.0004592514261061671
652,GEN 1:2,dem,earth,1.54658685774318e-41
653,GEN 1:2,dem,was,1.54658685774318e-41
654,GEN 1:2,dem,without,1.54658685774318e-41
655,GEN 1:2,dem,form,1.54658685774318e-41
656,GEN 1:2,dem,and,1.54658685774318e-41
657,GEN 1:2,dem,void,1.54658685774318e-41
658,GEN 1:2,dem,and,1.54658685774318e-41
659,GEN 1:2,dem,darkness,1.54658685774318e-41
660,GEN 1:2,dem,was,1.54658685774318e-41
661,GEN 1:2,dem,upon,1.54658685774318e-41
662,GEN 1:2,dem,the,0.0004592514261061671
663,GEN 1:2,dem,face,1.54658685774318e-41
664,GEN 1:2,dem,of,0.11547393156580406
665,GEN 1:2,dem,the,0.0004592514261061671
666,GEN 1:2,dem,deep,1.54658685774318e-41
667,GEN 1:2,dem,and,1.54658685774318e-41
668,GEN 1:2,dem,the,0.0004592514261061671
669,GEN 1:2,dem,spirit,1.54658685774318e-41
670,GEN 1:2,dem,of,0.11547393156580406
671,GEN 1:2,dem,god,1.54658685774318e-41
672,GEN 1:2,dem,moved,1.54658685774318e-41
673,GEN 1:2,dem,upon,1.54658685774318e-41
674,GEN 1:2,dem,the,0.0004592514261061671
675,GEN 1:2,dem,face,1.54658685774318e-41
676,GEN 1:2,dem,of,0.11547393156580406
677,GEN 1:2,dem,the,0.0004592514261061671
678,GEN 1:2,dem,waters,1.54658685774318e-41
679,GEN 1:2,wasser,and,2.98561390540376e-44
680,GEN 1:2,wasser,the,2.98561390540376e-44
681,GEN 1:2,wasser,earth,2.98561390540376e-44
682,GEN 1:2,wasser,was,2.98561390540376e-44
683,GEN 1:2,wasser,without,1.54658685774318e-41
684,GEN 1:2,wasser,form,1.54658685774318e-41
685,GEN 1:2,wasser,and,2.98561390540376e-44
686,GEN 1:2,wasser,void,1.54658685774318e-41
687,GEN 1:2,wasser,and,2.98561390540376e-44
688,GEN 1:2,wasser,darkness,2.98561390540376e-44
689,GEN 1:2,wasser,was,2.98561390540376e-44
690,GEN 1:2,wasser,upon,1.54658685774318e-41
691,GEN 1:2,wasser,the,2.98561390540376e-44
692,GEN 1:2,wasser,face,1.7752540795769687e-43
693,GEN 1:2,wasser,of,2.98561390540376e-44
694,GEN 1:2,wasser,the,2.98561390540376e-44
695,GEN 1:2,wasser,deep,1.54658685774318e-41
696,GEN 1:2,wasser,and,2.98561390540376e-44
697,GEN 1:2,wasser,the,2.98561390540376e-44
698,GEN 1:2,wasser,spirit,1.54658685774318e-41
699,GEN 1:2,wasser,of,2.98561390540376e-44
700,GEN 1:2,wasser,god,2.98561390540376e-44
701,GEN 1:2,wasser,moved,1.54658685774318e-41
702,GEN 1:2,wasser,upon,1.54658685774318e-41
703,GEN 1:2,wasser,the,2.98561390540376e-44
704,GEN 1:2,wasser,face,1.7752540795769687e-43
705,GEN 1:2,wasser,of,2.98561390540376e-44
706,GEN 1:2,wasser,the,2.98561390540376e-44
707,GEN 1:2,wasser,waters,0.8025731332965276
708,GEN 1:3,und,and,0.46856703561196517
709,GEN 1:3,und,god,0.06149595236501601
710,GEN 1:3,und,said,3.7911071997689216e-44
711,GEN 1:3,und,let,3.5762817987939253e-41
712,GEN 1:3,und,there,1.1340332580511277e-44
713,GEN 1:3,und,be,3.568667272841636e-44
714,GEN 1:3,und,light,2.9013460455760736e-45
715,GEN 1:3,und,and,0.46856703561196517
716,GEN 1:3,und,there,1.1340332580511277e-44
717,GEN 1:3,und,was,3.9769558199855035e-06
718,GEN 1:3,und,light,2.9013460455760736e-45
719,GEN 1:3,gott,and,0.0005808268161470141
720,GEN 1:3,gott,god,0.8238995817435532
721,GEN 1:3,gott,said,3.7911071997689216e-44
722,GEN 1:3,gott,let,3.5762817987939253e-41
723,GEN 1:3,gott,there,1.1340332580511277e-44
724,GEN 1:3,gott,be,3.568667272841636e-44
725,GEN 1:3,gott,light,4.9233761418193846e-45
726,GEN 1:3,gott,and,0.0005808268161470141
727,GEN 1:3,gott,there,1.1340332580511277e-44
728,GEN 1:3,gott,was,6.054029172683512e-45
729,GEN 1:3,gott,light,4.9233761418193846e-45
730,GEN 1:3,sprach,and,1.4935600431480028e-44
731,GEN 1:3,sprach,god,1.4935600431480028e-44
732,GEN 1:3,sprach,said,0.9016590379334011
733,GEN 1:3,sprach,let,0.28255197202573656
734,GEN 1:3,sprach,there,1.4935600431480028e-44
735,GEN 1:3,sprach,be,3.568667272841636e-44
736,GEN 1:3,sprach,light,1.4935600431480028e-44
737,GEN 1:3,sprach,and,1.4935600431480028e-44
738,GEN 1:3,sprach,there,1.4935600431480028e-44
739,GEN 1:3,sprach,was,1.4935600431480028e-44
740,GEN 1:3,sprach,light,1.4935600431480028e-44
741,GEN 1:3,es,and,0.0030129645659542933
742,GEN 1:3,es,god,8.281755466393365e-45
743,GEN 1:3,es,said,3.7911071997689216e-44
744,GEN 1:3,es,let,0.0017938045221535714
745,GEN 1:3,es,there,0.8013423449911544
746,GEN 1:3,es,be,3.568667272841636e-44
747,GEN 1:3,es,light,8.281755466393365e-45
748,GEN 1:3,es,and,0.0030129645659542933
749,GEN 1:3,es,there,0.8013423449911544
750,GEN 1:3,es,was,0.11172998918241318
751,GEN 1:3,es,light,8.281755466393365e-45
752,GEN 1:3,werde,and,3.1957267144507166e-44
753,GEN 1:3,werde,god,3.1957267144507166e-44
754,GEN 1:3,werde,said,3.7911071997689216e-44
755,GEN 1:3,werde,let,3.5762817987939253e-41
756,GEN 1:3,werde,there,4.1019499702993725e-11
757,GEN 1:3,werde,be,0.906758170448208
758,GEN 1:3,werde,light,3.1957267144507166e-44
759,GEN 1:3,werde,and,3.1957267144507166e-44
760,GEN 1:3,werde,there,4.1019499702993725e-11
761,GEN 1:3,werde,was,3.1957267144507166e-44
762,GEN 1:3,werde,light,3.1957267144507166e-44
763,GEN 1:3,licht,and,3.14453448175916e-14
764,GEN 1:3,licht,god,4.967283679763376e-45
765,GEN 1:3,licht,said,3.7911071997689216e-44
766,GEN 1:3,licht,let,3.5762817987939253e-41
767,GEN 1:3,licht,there,1.1340332580511277e-44
768,GEN 1:3,licht,be,3.568667272841636e-44
769,GEN 1:3,licht,light,0.8752866436196581
770,GEN 1:3,licht,and,3.14453448175916e-14
771,GEN 1:3,licht,there,1.1340332580511277e-44
772,GEN 1:3,licht,was,0.014717837998749383
773,GEN 1:3,licht,light,0.8752866436196581
774,GEN 1:3,und,and,0.46856703561196517
775,GEN 1:3,und,god,0.06149595236501601
776,GEN 1:3,und,said,3.7911071997689216e-44
777,GEN 1:3,und,let,3.5762817987939253e-41
778,GEN 1:3,und,there,1.1340332580511277e-44
779,GEN 1:3,und,be,3.568667272841636e-44
780,GEN 1:3,und,light,2.9013460455760736e-45
781,GEN 1:3,und,and,0.46856703561196517
782,GEN 1:3,und,there,1.1340332580511277e-44
783,GEN 1:3,und,was,3.9769558199855035e-06
784,GEN 1:3,und,light,2.9013460455760736e-45
785,GEN 1:3,es,and,0.0030129645659542933
786,GEN 1:3,es,god,8.281755466393365e-45
787,GEN 1:3,es,said,3.7911071997689216e-44
788,GEN 1:3,es,let,0.0017938045221535714
789,GEN 1:3,es,there,0.8013423449911544
790,GEN 1:3,es,be,3.568667272841636e-44
791,GEN 1:3,es,light,8.281755466393365e-45
792,GEN 1:3,es,and,0.0030129645659542933
793,GEN 1:3,es,there,0.8013423449911544
794,GEN 1:3,es,was,0.11172998918241318
795,GEN 1:3,es,light,8.281755466393365e-45
796,GEN 1:3,ward,and,0.07646193604431946
797,GEN 1:3,ward,god,2.938483677831483e-42
798,GEN 1:3,ward,said,2.938483677831483e-42
799,GEN 1:3,ward,let,3.5762817987939253e-41
800,GEN 1:3,ward,there,0.014742454687460655
801,GEN 1:3,ward,be,2.938483677831483e-42
802,GEN 1:3,ward,light,0.0004116546053135724
803,GEN 1:3,ward,and,0.07646193604431946
804,GEN 1:3,ward,there,0.014742454687460655
805,GEN 1:3,ward,was,3.7506784286498526e-10
806,GEN 1:3,ward,light,0.0004116546053135724
807,GEN 1:3,licht,and,3.14453448175916e-14
808,GEN 1:3,licht,god,4.967283679763376e-45
809,GEN 1:3,licht,said,3.7911071997689216e-44
810,GEN 1:3,licht,let,3.5762817987939253e-41
811,GEN 1:3,licht,there,1.1340332580511277e-44
812,GEN 1:3,licht,be,3.568667272841636e-44
813,GEN 1:3,licht,light,0.8752866436196581
814,GEN 1:3,licht,and,3.14453448175916e-14
815,GEN 1:3,licht,there,1.1340332580511277e-44
816,GEN 1:3,licht,was,0.014717837998749383
817,GEN 1:3,licht,light,0.8752866436196581
818,GEN 1:4,und,and,0.46856703561196517
819,GEN 1:4,und,god,0.06149595236501601
820,GEN 1:4,und,saw,1.2835921372567121e-44
821,GEN 1:4,und,the,0.14610905196998894
822,GEN 1:4,und,light,2.9013460455760736e-45
823,GEN 1:4,und,that,6.813989382420939e-41
824,GEN 1:4,und,it,3.1093884419981067e-44
825,GEN 1:4,und,was,3.9769558199855035e-06
826,GEN 1:4,und,good,6.813989382420939e-41
827,GEN 1:4,und,and,0.46856703561196517
828,GEN 1:4,und,god,0.06149595236501601
829,GEN 1:4,und,divided,5.237429990522325e-44
830,GEN 1:4,und,the,0.14610905196998894
831,GEN 1:4,und,light,2.9013460455760736e-45
832,GEN 1:4,und,from,3.1093884419981067e-44
833,GEN 1:4,und,the,0.14610905196998894
834,GEN 1:4,und,darkness,0.035054326826131216
835,GEN 1:4,gott,and,0.0005808268161470141
836,GEN 1:4,gott,god,0.8238995817435532
837,GEN 1:4,gott,saw,1.2835921372567121e-44
838,GEN 1:4,gott,the,0.06404997175922418
839,GEN 1:4,gott,light,4.9233761418193846e-45
840,GEN 1:4,gott,that,6.813989382420939e-41
841,GEN 1:4,gott,it,3.1093884419981067e-44
842,GEN 1:4,gott,was,6.054029172683512e-45
843,GEN 1:4,gott,good,6.813989382420939e-41
844,GEN 1:4,gott,and,0.0005808268161470141
845,GEN 1:4,gott,god,0.8238995817435532
846,GEN 1:4,gott,divided,2.4144319174029543e-38
847,GEN 1:4,gott,the,0.06404997175922418
848,GEN 1:4,gott,light,4.9233761418193846e-45
849,GEN 1:4,gott,from,3.1093884419981067e-44
850,GEN 1:4,gott,the,0.06404997175922418
851,GEN 1:4,gott,darkness,1.140359289417608e-44
852,GEN 1:4,sah,and,3.1528524024911797e-44
853,GEN 1:4,sah,god,3.1528524024911797e-44
854,GEN 1:4,sah,saw,0.847529079242732
855,GEN 1:4,sah,the,3.1528524024911797e-44
856,GEN 1:4,sah,light,3.1528524024911797e-44
857,GEN 1:4,sah,that,6.813989382420939e-41
858,GEN 1:4,sah,it,3.1528524024911797e-44
859,GEN 1:4,sah,was,3.1528524024911797e-44
860,GEN 1:4,sah,good,6.813989382420939e-41
861,GEN 1:4,sah,and,3.1528524024911797e-44
862,GEN 1:4,sah,god,3.1528524024911797e-44
863,GEN 1:4,sah,divided,5.237429990522325e-44
864,GEN 1:4,sah,the,3.1528524024911797e-44
865,GEN 1:4,sah,light,3.1528524024911797e-44
866,GEN 1:4,sah,from,3.1528524024911797e-44
867,GEN 1:4,sah,the,3.1528524024911797e-44
868,GEN 1:4,sah,darkness,3.1528524024911797e-44
869,GEN 1:4,daß,and,1.31166966052278e-40
870,GEN 1:4,daß,god,1.31166966052278e-40
871,GEN 1:4,daß,saw,0.3448665382128205
872,GEN 1:4,daß,the,1.31166966052278e-40
873,GEN 1:4,daß,light,1.31166966052278e-40
874,GEN 1:4,daß,that,1.31166966052278e-40
875,GEN 1:4,daß,it,1.31166966052278e-40
876,GEN 1:4,daß,was,1.31166966052278e-40
877,GEN 1:4,daß,good,1.31166966052278e-40
878,GEN 1:4,daß,and,1.31166966052278e-40
879,GEN 1:4,daß,god,1.31166966052278e-40
880,GEN 1:4,daß,divided,1.31166966052278e-40
881,GEN 1:4,daß,the,1.31166966052278e-40
882,GEN 1:4,daß,light,1.31166966052278e-40
883,GEN 1:4,daß,from,1.31166966052278e-40
884,GEN 1:4,daß,the,1.31166966052278e-40
885,GEN 1:4,daß,darkness,1.31166966052278e-40
886,GEN 1:4,das,and,8.081615099917022e-45
887,GEN 1:4,das,god,4.879833343967585e-07
888,GEN 1:4,das,saw,1.2835921372567121e-44
889,GEN 1:4,das,the,0.15967617248671018
890,GEN 1:4,das,light,0.26245682292006023
891,GEN 1:4,das,that,0.2169028075039046
892,GEN 1:4,das,it,3.1093884419981067e-44
893,GEN 1:4,das,was,8.081229685261774e-45
894,GEN 1:4,das,good,6.813989382420939e-41
895,GEN 1:4,das,and,8.081615099917022e-45
896,GEN 1:4,das,god,4.879833343967585e-07
897,GEN 1:4,das,divided,0.21659319578889819
898,GEN 1:4,das,the,0.15967617248671018
899,GEN 1:4,das,light,0.26245682292006023
900,GEN 1:4,das,from,3.1093884419981067e-44
901,GEN 1:4,das,the,0.15967617248671018
902,GEN 1:4,das,darkness,1.140359289417608e-44
903,GEN 1:4,licht,and,3.14453448175916e-14
904,GEN 1:4,licht,god,4.967283679763376e-45
905,GEN 1:4,licht,saw,1.2835921372567121e-44
906,GEN 1:4,licht,the,9.310007295964305e-45
907,GEN 1:4,licht,light,0.8752866436196581
908,GEN 1:4,licht,that,6.813989382420939e-41
909,GEN 1:4,licht,it,3.1093884419981067e-44
910,GEN 1:4,licht,was,0.014717837998749383
911,GEN 1:4,licht,good,6.813989382420939e-41
912,GEN 1:4,licht,and,3.14453448175916e-14
913,GEN 1:4,licht,god,4.967283679763376e-45
914,GEN 1:4,licht,divided,5.237429990522325e-44
915,GEN 1:4,licht,the,9.310007295964305e-45
916,GEN 1:4,licht,light,0.8752866436196581
917,GEN 1:4,licht,from,3.1093884419981067e-44
918,GEN 1:4,licht,the,9.310007295964305e-45
919,GEN 1:4,licht,darkness,1.140359289417608e-44
920,GEN 1:4,gut,and,3.1528524024911797e-44
921,GEN 1:4,gut,god,3.1528524024911797e-44
922,GEN 1:4,gut,saw,3.1528524024911797e-44
923,GEN 1:4,gut,the,3.1528524024911797e-44
924,GEN 1:4,gut,light,3.1528524024911797e-44
925,GEN 1:4,gut,that,6.813989382420939e-41
926,GEN 1:4,gut,it,0.847529079242732
927,GEN 1:4,gut,was,3.1528524024911797e-44
928,GEN 1:4,gut,good,6.813989382420939e-41
929,GEN 1:4,gut,and,3.1528524024911797e-44
930,GEN 1:4,gut,god,3.1528524024911797e-44
931,GEN 1:4,gut,divided,5.237429990522325e-44
932,GEN 1:4,gut,the,3.1528524024911797e-44
933,GEN 1:4,gut,light,3.1528524024911797e-44
934,GEN 1:4,gut,from,3.1528524024911797e-44
935,GEN 1:4,gut,the,3.1528524024911797e-44
936,GEN 1:4,gut,darkness,3.1528524024911797e-44
937,GEN 1:4,war,and,0.007815642366957311
938,GEN 1:4,war,god,6.976019984172574e-45
939,GEN 1:4,war,saw,1.2835921372567121e-44
940,GEN 1:4,war,the,1.7214455063498668e-09
941,GEN 1:4,war,light,6.976019984172574e-45
942,GEN 1:4,war,that,6.813989382420939e-41
943,GEN 1:4,war,it,3.1093884419981067e-44
944,GEN 1:4,war,was,0.7665888687361028
945,GEN 1:4,war,good,6.813989382420939e-41
946,GEN 1:4,war,and,0.007815642366957311
947,GEN 1:4,war,god,6.976019984172574e-45
948,GEN 1:4,war,divided,5.237429990522325e-44
949,GEN 1:4,war,the,1.7214455063498668e-09
950,GEN 1:4,war,light,6.976019984172574e-45
951,GEN 1:4,war,from,3.1093884419981067e-44
952,GEN 1:4,war,the,1.7214455063498668e-09
953,GEN 1:4,war,darkness,1.140359289417608e-44
954,GEN 1:4,da,and,0.10338236922019792
955,GEN 1:4,da,god,1.3141273529764346e-44
956,GEN 1:4,da,saw,1.3141273529764346e-44
957,GEN 1:4,da,the,6.9260502588048315e-06
958,GEN 1:4,da,light,1.3141273529764346e-44
959,GEN 1:4,da,that,6.813989382420939e-41
960,GEN 1:4,da,it,3.1093884419981067e-44
961,GEN 1:4,da,was,1.3141273529764346e-44
962,GEN 1:4,da,good,0.3532447361767007
963,GEN 1:4,da,and,0.10338236922019792
964,GEN 1:4,da,god,1.3141273529764346e-44
965,GEN 1:4,da,divided,5.237429990522325e-44
966,GEN 1:4,da,the,6.9260502588048315e-06
967,GEN 1:4,da,light,1.3141273529764346e-44
968,GEN 1:4,da,from,3.1093884419981067e-44
969,GEN 1:4,da,the,6.9260502588048315e-06
970,GEN 1:4,da,darkness,1.3141273529764346e-44
971,GEN 1:4,schied,and,1.31166966052278e-40
972,GEN 1:4,schied,god,0.008149116456045477
973,GEN 1:4,schied,saw,1.31166966052278e-40
974,GEN 1:4,schied,the,1.31166966052278e-40
975,GEN 1:4,schied,light,1.31166966052278e-40
976,GEN 1:4,schied,that,1.31166966052278e-40
977,GEN 1:4,schied,it,1.31166966052278e-40
978,GEN 1:4,schied,was,1.31166966052278e-40
979,GEN 1:4,schied,good,1.31166966052278e-40
980,GEN 1:4,schied,and,1.31166966052278e-40
981,GEN 1:4,schied,god,0.008149116456045477
982,GEN 1:4,schied,divided,0.7442075905379762
983,GEN 1:4,schied,the,1.31166966052278e-40
984,GEN 1:4,schied,light,1.31166966052278e-40
985,GEN 1:4,schied,from,1.31166966052278e-40
986,GEN 1:4,schied,the,1.31166966052278e-40
987,GEN 1:4,schied,darkness,1.31166966052278e-40
988,GEN 1:4,gott,and,0.0005808268161470141
989,GEN 1:4,gott,god,0.8238995817435532
990,GEN 1:4,gott,saw,1.2835921372567121e-44
991,GEN 1:4,gott,the,0.06404997175922418
992,GEN 1:4,gott,light,4.9233761418193846e-45
993,GEN 1:4,gott,that,6.813989382420939e-41
994,GEN 1:4,gott,it,3.1093884419981067e-44
995,GEN 1:4,gott,was,6.054029172683512e-45
996,GEN 1:4,gott,good,6.813989382420939e-41
997,GEN 1:4,gott,and,0.0005808268161470141
998,GEN 1:4,gott,god,0.8238995817435532
999,GEN 1:4,gott,divided,2.4144319174029543e-38
1000,GEN 1:4,gott,the,0.06404997175922418
1001,GEN 1:4,gott,light,4.9233761418193846e-45
1002,GEN 1:4,gott,from,3.1093884419981067e-44
1003,GEN 1:4,gott,the,0.06404997175922418
1004,GEN 1:4,gott,darkness,1.140359289417608e-44
1005,GEN 1:4,das,and,8.081615099917022e-45
1006,GEN 1:4,das,god,4.879833343967585e-07
1007,GEN 1:4,das,saw,1.2835921372567121e-44
1008,GEN 1:4,das,the,0.15967617248671018
1009,GEN 1:4,das,light,0.26245682292006023
1010,GEN 1:4,das,that,0.2169028075039046
1011,GEN 1:4,das,it,3.1093884419981067e-44
1012,GEN 1:4,das,was,8.081229685261774e-45
1013,GEN 1:4,das,good,6.813989382420939e-41
1014,GEN 1:4,das,and,8.081615099917022e-45
1015,GEN 1:4,das,god,4.879833343967585e-07
1016,GEN 1:4,das,divided,0.21659319578889819
1017,GEN 1:4,das,the,0.15967617248671018
1018,GEN 1:4,das,light,0.26245682292006023
1019,GEN 1:4,das,from,3.1093884419981067e-44
1020,GEN 1:4,das,the,0.15967617248671018
1021,GEN 1:4,das,darkness,1.140359289417608e-44
1022,GEN 1:4,licht,and,3.14453448175916e-14
1023,GEN 1:4,licht,god,4.967283679763376e-45
1024,GEN 1:4,licht,saw,1.2835921372567121e-44
1025,GEN 1:4,licht,the,9.310007295964305e-45
1026,GEN 1:4,licht,light,0.8752866436196581
1027,GEN 1:4,licht,that,6.813989382420939e-41
1028,GEN 1:4,licht,it,3.1093884419981067e-44
1029,GEN 1:4,licht,was,0.014717837998749383
1030,GEN 1:4,licht,good,6.813989382420939e-41
1031,GEN 1:4,licht,and,3.14453448175916e-14
1032,GEN 1:4,licht,god,4.967283679763376e-45
1033,GEN 1:4,licht,divided,5.237429990522325e-44
1034,GEN 1:4,licht,the,9.310007295964305e-45
1035,GEN 1:4,licht,light,0.8752866436196581
1036,GEN 1:4,licht,from,3.1093884419981067e-44
1037,GEN 1:4,licht,the,9.310007295964305e-45
1038,GEN 1:4,licht,darkness,1.140359289417608e-44
1039,GEN 1:4,von,and,3.1528524024911797e-44
1040,GEN 1:4,von,god,3.1528524024911797e-44
1041,GEN 1:4,von,saw,3.1528524024911797e-44
1042,GEN 1:4,von,the,3.1528524024911797e-44
1043,GEN 1:4,von,light,3.1528524024911797e-44
1044,GEN 1:4,von,that,6.813989382420939e-41
1045,GEN 1:4,von,it,3.1528524024911797e-44
1046,GEN 1:4,von,was,3.1528524024911797e-44
1047,GEN 1:4,von,good,6.813989382420939e-41
1048,GEN 1:4,von,and,3.1528524024911797e-44
1049,GEN 1:4,von,god,3.1528524024911797e-44
1050,GEN 1:4,von,divided,5.237429990522325e-44
1051,GEN 1:4,von,the,3.1528524024911797e-44
1052,GEN 1:4,von,light,3.1528524024911797e-44
1053,GEN 1:4,von,from,0.847529079242732
1054,GEN 1:4,von,the,3.1528524024911797e-44
1055,GEN 1:4,von,darkness,3.1528524024911797e-44
1056,GEN 1:4,der,and,3.281363220917859e-45
1057,GEN 1:4,der,god,4.967283679763376e-45
1058,GEN 1:4,der,saw,1.2835921372567121e-44
1059,GEN 1:4,der,the,0.5841401280850187
1060,GEN 1:4,der,light,3.281363220917859e-45
1061,GEN 1:4,der,that,6.813989382420939e-41
1062,GEN 1:4,der,it,3.1093884419981067e-44
1063,GEN 1:4,der,was,6.054029172683512e-45
1064,GEN 1:4,der,good,6.813989382420939e-41
1065,GEN 1:4,der,and,3.281363220917859e-45
1066,GEN 1:4,der,god,4.967283679763376e-45
1067,GEN 1:4,der,divided,5.237429990522325e-44
1068,GEN 1:4,der,the,0.5841401280850187
1069,GEN 1:4,der,light,3.281363220917859e-45
1070,GEN 1:4,der,from,3.1093884419981067e-44
1071,GEN 1:4,der,the,0.5841401280850187
1072,GEN 1:4,der,darkness,1.140359289417608e-44
1073,GEN 1:4,finsternis,and,8.802639472040341e-45
1074,GEN 1:4,finsternis,god,8.802639472040341e-45
1075,GEN 1:4,finsternis,saw,1.2835921372567121e-44
1076,GEN 1:4,finsternis,the,7.596500191387484e-18
1077,GEN 1:4,finsternis,light,8.802639472040341e-45
1078,GEN 1:4,finsternis,that,6.813989382420939e-41
1079,GEN 1:4,finsternis,it,3.1093884419981067e-44
1080,GEN 1:4,finsternis,was,8.802639472040341e-45
1081,GEN 1:4,finsternis,good,6.813989382420939e-41
1082,GEN 1:4,finsternis,and,8.802639472040341e-45
1083,GEN 1:4,finsternis,god,8.802639472040341e-45
1084,GEN 1:4,finsternis,divided,5.237429990522325e-44
1085,GEN 1:4,finsternis,the,7.596500191387484e-18
1086,GEN 1:4,finsternis,light,8.802639472040341e-45
1087,GEN 1:4,finsternis,from,3.1093884419981067e-44
1088,GEN 1:4,finsternis,the,7.596500191387484e-18
1089,GEN 1:4,finsternis,darkness,0.8250579889718437
1090,GEN 1:5,und,and,0.46856703561196517
1091,GEN 1:5,und,god,0.06149595236501601
1092,GEN 1:5,und,called,4.117891700834016e-35
1093,GEN 1:5,und,the,0.14610905196998894
1094,GEN 1:5,und,light,2.9013460455760736e-45
1095,GEN 1:5,und,day,1.2682192144647973e-44
1096,GEN 1:5,und,and,0.46856703561196517
1097,GEN 1:5,und,the,0.14610905196998894
1098,GEN 1:5,und,darkness,0.035054326826131216
1099,GEN 1:5,und,he,2.3775972047277766e-41
1100,GEN 1:5,und,called,4.117891700834016e-35
1101,GEN 1:5,und,night,2.3775972047277766e-41
1102,GEN 1:5,und,and,0.46856703561196517
1103,GEN 1:5,und,the,0.14610905196998894
1104,GEN 1:5,und,evening,2.3775972047277766e-41
1105,GEN 1:5,und,and,0.46856703561196517
1106,GEN 1:5,und,the,0.14610905196998894
1107,GEN 1:5,und,morning,2.3775972047277766e-41
1108,GEN 1:5,und,were,2.3775972047277766e-41
1109,GEN 1:5,und,the,0.14610905196998894
1110,GEN 1:5,und,first,3.0258102895763997e-44
1111,GEN 1:5,und,day,1.2682192144647973e-44
1112,GEN 1:5,nannte,and,1.8828266413857645e-44
1113,GEN 1:5,nannte,god,1.8828266413857645e-44
1114,GEN 1:5,nannte,called,0.8966663736261189
1115,GEN 1:5,nannte,the,1.8828266413857645e-44
1116,GEN 1:5,nannte,light,1.8828266413857645e-44
1117,GEN 1:5,nannte,day,1.8828266413857645e-44
1118,GEN 1:5,nannte,and,1.8828266413857645e-44
1119,GEN 1:5,nannte,the,1.8828266413857645e-44
1120,GEN 1:5,nannte,darkness,1.8828266413857645e-44
1121,GEN 1:5,nannte,he,2.3775972047277766e-41
1122,GEN 1:5,nannte,called,0.8966663736261189
1123,GEN 1:5,nannte,night,2.3775972047277766e-41
1124,GEN 1:5,nannte,and,1.8828266413857645e-44
1125,GEN 1:5,nannte,the,1.8828266413857645e-44
1126,GEN 1:5,nannte,evening,2.3775972047277766e-41
1127,GEN 1:5,nannte,and,1.8828266413857645e-44
1128,GEN 1:5,nannte,the,1.8828266413857645e-44
1129,GEN 1:5,nannte,morning,2.3775972047277766e-41
1130,GEN 1:5,nannte,were,2.3775972047277766e-41
1131,GEN 1:5,nannte,the,1.8828266413857645e-44
1132,GEN 1:5,nannte,first,3.0258102895763997e-44
1133,GEN 1:5,nannte,day,1.8828266413857645e-44
1134,GEN 1:5,das,and,8.081615099917022e-45
1135,GEN 1:5,das,god,4.879833343967585e-07
1136,GEN 1:5,das,called,1.2801823742297671e-44
1137,GEN 1:5,das,the,0.15967617248671018
1138,GEN 1:5,das,light,0.26245682292006023
1139,GEN 1:5,das,day,1.2682192144647973e-44
1140,GEN 1:5,das,and,8.081615099917022e-45
1141,GEN 1:5,das,the,0.15967617248671018
1142,GEN 1:5,das,darkness,1.140359289417608e-44
1143,GEN 1:5,das,he,2.3775972047277766e-41
1144,GEN 1:5,das,called,1.2801823742297671e-44
1145,GEN 1:5,das,night,2.3775972047277766e-41
1146,GEN 1:5,das,and,8.081615099917022e-45
1147,GEN 1:5,das,the,0.15967617248671018
1148,GEN 1:5,das,evening,2.3775972047277766e-41
1149,GEN 1:5,das,and,8.081615099917022e-45
1150,GEN 1:5,das,the,0.15967617248671018
1151,GEN 1:5,das,morning,2.3775972047277766e-41
1152,GEN 1:5,das,were,2.3775972047277766e-41
1153,GEN 1:5,das,the,0.15967617248671018
1154,GEN 1:5,das,first,3.0258102895763997e-44
1155,GEN 1:5,das,day,1.2682192144647973e-44
1156,GEN 1:5,licht,and,3.14453448175916e-14
1157,GEN 1:5,licht,god,4.967283679763376e-45
1158,GEN 1:5,licht,called,1.2801823742297671e-44
1159,GEN 1:5,licht,the,9.310007295964305e-45
1160,GEN 1:5,licht,light,0.8752866436196581
1161,GEN 1:5,licht,day,1.2682192144647973e-44
1162,GEN 1:5,licht,and,3.14453448175916e-14
1163,GEN 1:5,licht,the,9.310007295964305e-45
1164,GEN 1:5,licht,darkness,1.140359289417608e-44
1165,GEN 1:5,licht,he,2.3775972047277766e-41
1166,GEN 1:5,licht,called,1.2801823742297671e-44
1167,GEN 1:5,licht,night,2.3775972047277766e-41
1168,GEN 1:5,licht,and,3.14453448175916e-14
1169,GEN 1:5,licht,the,9.310007295964305e-45
1170,GEN 1:5,licht,evening,2.3775972047277766e-41
1171,GEN 1:5,licht,and,3.14453448175916e-14
1172,GEN 1:5,licht,the,9.310007295964305e-45
1173,GEN 1:5,licht,morning,2.3775972047277766e-41
1174,GEN 1:5,licht,were,2.3775972047277766e-41
1175,GEN 1:5,licht,the,9.310007295964305e-45
1176,GEN 1:5,licht,first,3.0258102895763997e-44
1177,GEN 1:5,licht,day,1.2682192144647973e-44
1178,GEN 1:5,tag,and,1.2795131361631106e-44
1179,GEN 1:5,tag,god,1.2795131361631106e-44
1180,GEN 1:5,tag,called,1.2801823742297671e-44
1181,GEN 1:5,tag,the,4.277440231936945e-30
1182,GEN 1:5,tag,light,1.2795131361631106e-44
1183,GEN 1:5,tag,day,0.9257426073880187
1184,GEN 1:5,tag,and,1.2795131361631106e-44
1185,GEN 1:5,tag,the,4.277440231936945e-30
1186,GEN 1:5,tag,darkness,1.2795131361631106e-44
1187,GEN 1:5,tag,he,2.3775972047277766e-41
1188,GEN 1:5,tag,called,1.2801823742297671e-44
1189,GEN 1:5,tag,night,2.3775972047277766e-41
1190,GEN 1:5,tag,and,1.2795131361631106e-44
1191,GEN 1:5,tag,the,4.277440231936945e-30
1192,GEN 1:5,tag,evening,2.3775972047277766e-41
1193,GEN 1:5,tag,and,1.2795131361631106e-44
1194,GEN 1:5,tag,the,4.277440231936945e-30
1195,GEN 1:5,tag,morning,2.3775972047277766e-41
1196,GEN 1:5,tag,were,2.3775972047277766e-41
1197,GEN 1:5,tag,the,4.277440231936945e-30
1198,GEN 1:5,tag,first,3.0258102895763997e-44
1199,GEN 1:5,tag,day,0.9257426073880187
1200,GEN 1:5,und,and,0.46856703561196517
1201,GEN 1:5,und,god,0.06149595236501601
1202,GEN 1:5,und,called,4.117891700834016e-35
1203,GEN 1:5,und,the,0.14610905196998894
1204,GEN 1:5,und,light,2.9013460455760736e-45
1205,GEN 1:5,und,day,1.2682192144647973e-44
1206,GEN 1:5,und,and,0.46856703561196517
1207,GEN 1:5,und,the,0.14610905196998894
1208,GEN 1:5,und,darkness,0.035054326826131216
1209,GEN 1:5,und,he,2.3775972047277766e-41
1210,GEN 1:5,und,called,4.117891700834016e-35
1211,GEN 1:5,und,night,2.3775972047277766e-41
1212,GEN 1:5,und,and,0.46856703561196517
1213,GEN 1:5,und,the,0.14610905196998894
1214,GEN 1:5,und,evening,2.3775972047277766e-41
1215,GEN 1:5,und,and,0.46856703561196517
1216,GEN 1:5,und,the,0.14610905196998894
1217,GEN 1:5,und,morning,2.3775972047277766e-41
1218,GEN 1:5,und,were,2.3775972047277766e-41
1219,GEN 1:5,und,the,0.14610905196998894
1220,GEN 1:5,und,first,3.0258102895763997e-44
1221,GEN 1:5,und,day,1.2682192144647973e-44
1222,GEN 1:5,die,and,0.5938438995168998
1223,GEN 1:5,die,god,1.5005573611877436e-44
1224,GEN 1:5,die,called,1.5005573611877436e-44
1225,GEN 1:5,die,the,0.04000996343825453
1226,GEN 1:5,die,light,1.5005573611877436e-44
1227,GEN 1:5,die,day,1.5005573611877436e-44
1228,GEN 1:5,die,and,0.5938438995168998
1229,GEN 1:5,die,the,0.04000996343825453
1230,GEN 1:5,die,darkness,1.5005573611877436e-44
1231,GEN 1:5,die,he,2.3775972047277766e-41
1232,GEN 1:5,die,called,1.5005573611877436e-44
1233,GEN 1:5,die,night,2.3775972047277766e-41
1234,GEN 1:5,die,and,0.5938438995168998
1235,GEN 1:5,die,the,0.04000996343825453
1236,GEN 1:5,die,evening,2.3775972047277766e-41
1237,GEN 1:5,die,and,0.5938438995168998
1238,GEN 1:5,die,the,0.04000996343825453
1239,GEN 1:5,die,morning,2.3775972047277766e-41
1240,GEN 1:5,die,were,2.3775972047277766e-41
1241,GEN 1:5,die,the,0.04000996343825453
1242,GEN 1:5,die,first,3.0258102895763997e-44
1243,GEN 1:5,die,day,1.5005573611877436e-44
1244,GEN 1:5,finsternis,and,8.802639472040341e-45
1245,GEN 1:5,finsternis,god,8.802639472040341e-45
1246,GEN 1:5,finsternis,called,1.2801823742297671e-44
1247,GEN 1:5,finsternis,the,7.596500191387484e-18
1248,GEN 1:5,finsternis,light,8.802639472040341e-45
1249,GEN 1:5,finsternis,day,1.2682192144647973e-44
1250,GEN 1:5,finsternis,and,8.802639472040341e-45
1251,GEN 1:5,finsternis,the,7.596500191387484e-18
1252,GEN 1:5,finsternis,darkness,0.8250579889718437
1253,GEN 1:5,finsternis,he,0.13917038871962945
1254,GEN 1:5,finsternis,called,1.2801823742297671e-44
1255,GEN 1:5,finsternis,night,2.3775972047277766e-41
1256,GEN 1:5,finsternis,and,8.802639472040341e-45
1257,GEN 1:5,finsternis,the,7.596500191387484e-18
1258,GEN 1:5,finsternis,evening,2.3775972047277766e-41
1259,GEN 1:5,finsternis,and,8.802639472040341e-45
1260,GEN 1:5,finsternis,the,7.596500191387484e-18
1261,GEN 1:5,finsternis,morning,2.3775972047277766e-41
1262,GEN 1:5,finsternis,were,2.3775972047277766e-41
1263,GEN 1:5,finsternis,the,7.596500191387484e-18
1264,GEN 1:5,finsternis,first,3.0258102895763997e-44
1265,GEN 1:5,finsternis,day,1.2682192144647973e-44
1266,GEN 1:5,nacht,and,3.315021109027003e-44
1267,GEN 1:5,nacht,god,3.315021109027003e-44
1268,GEN 1:5,nacht,called,0.3352964825840344
1269,GEN 1:5,nacht,the,5.899871803224763e-19
1270,GEN 1:5,nacht,light,3.315021109027003e-44
1271,GEN 1:5,nacht,day,3.315021109027003e-44
1272,GEN 1:5,nacht,and,3.315021109027003e-44
1273,GEN 1:5,nacht,the,5.899871803224763e-19
1274,GEN 1:5,nacht,darkness,3.315021109027003e-44
1275,GEN 1:5,nacht,he,0.03244601509535687
1276,GEN 1:5,nacht,called,0.3352964825840344
1277,GEN 1:5,nacht,night,0.003013638060074766
1278,GEN 1:5,nacht,and,3.315021109027003e-44
1279,GEN 1:5,nacht,the,5.899871803224763e-19
1280,GEN 1:5,nacht,evening,2.3775972047277766e-41
1281,GEN 1:5,nacht,and,3.315021109027003e-44
1282,GEN 1:5,nacht,the,5.899871803224763e-19
1283,GEN 1:5,nacht,morning,2.3775972047277766e-41
1284,GEN 1:5,nacht,were,2.3775972047277766e-41
1285,GEN 1:5,nacht,the,5.899871803224763e-19
1286,GEN 1:5,nacht,first,3.315021109027003e-44
1287,GEN 1:5,nacht,day,3.315021109027003e-44
1288,GEN 1:5,da,and,0.10338236922019792
1289,GEN 1:5,da,god,1.3141273529764346e-44
1290,GEN 1:5,da,called,1.3141273529764346e-44
1291,GEN 1:5,da,the,6.9260502588048315e-06
1292,GEN 1:5,da,light,1.3141273529764346e-44
1293,GEN 1:5,da,day,1.3141273529764346e-44
1294,GEN 1:5,da,and,0.10338236922019792
1295,GEN 1:5,da,the,6.9260502588048315e-06
1296,GEN 1:5,da,darkness,1.3141273529764346e-44
1297,GEN 1:5,da,he,2.3775972047277766e-41
1298,GEN 1:5,da,called,1.3141273529764346e-44
1299,GEN 1:5,da,night,0.26378371964128133
1300,GEN 1:5,da,and,0.10338236922019792
1301,GEN 1:5,da,the,6.9260502588048315e-06
1302,GEN 1:5,da,evening,2.3775972047277766e-41
1303,GEN 1:5,da,and,0.10338236922019792
1304,GEN 1:5,da,the,6.9260502588048315e-06
1305,GEN 1:5,da,morning,2.3775972047277766e-41
1306,GEN 1:5,da,were,2.3775972047277766e-41
1307,GEN 1:5,da,the,6.9260502588048315e-06
1308,GEN 1:5,da,first,3.0258102895763997e-44
1309,GEN 1:5,da,day,1.3141273529764346e-44
1310,GEN 1:5,ward,and,0.07646193604431946
1311,GEN 1:5,ward,god,2.938483677831483e-42
1312,GEN 1:5,ward,called,2.938483677831483e-42
1313,GEN 1:5,ward,the,2.938483677831483e-42
1314,GEN 1:5,ward,light,0.0004116546053135724
1315,GEN 1:5,ward,day,2.938483677831483e-42
1316,GEN 1:5,ward,and,0.07646193604431946
1317,GEN 1:5,ward,the,2.938483677831483e-42
1318,GEN 1:5,ward,darkness,2.938483677831483e-42
1319,GEN 1:5,ward,he,2.3775972047277766e-41
1320,GEN 1:5,ward,called,2.938483677831483e-42
1321,GEN 1:5,ward,night,2.3775972047277766e-41
1322,GEN 1:5,ward,and,0.07646193604431946
1323,GEN 1:5,ward,the,2.938483677831483e-42
1324,GEN 1:5,ward,evening,2.3775972047277766e-41
1325,GEN 1:5,ward,and,0.07646193604431946
1326,GEN 1:5,ward,the,2.938483677831483e-42
1327,GEN 1:5,ward,morning,2.3775972047277766e-41
1328,GEN 1:5,ward,were,2.3775972047277766e-41
1329,GEN 1:5,ward,the,2.938483677831483e-42
1330,GEN 1:5,ward,first,2.938483677831483e-42
1331,GEN 1:5,ward,day,2.938483677831483e-42
1332,GEN 1:5,aus,and,3.1692328593453443e-44
1333,GEN 1:5,aus,god,3.1692328593453443e-44
1334,GEN 1:5,aus,called,3.1692328593453443e-44
1335,GEN 1:5,aus,the,0.04574619240993952
1336,GEN 1:5,aus,light,3.1692328593453443e-44
1337,GEN 1:5,aus,day,3.1692328593453443e-44
1338,GEN 1:5,aus,and,3.1692328593453443e-44
1339,GEN 1:5,aus,the,0.04574619240993952
1340,GEN 1:5,aus,darkness,3.1692328593453443e-44
1341,GEN 1:5,aus,he,2.3775972047277766e-41
1342,GEN 1:5,aus,called,3.1692328593453443e-44
1343,GEN 1:5,aus,night,2.3775972047277766e-41
1344,GEN 1:5,aus,and,3.1692328593453443e-44
1345,GEN 1:5,aus,the,0.04574619240993952
1346,GEN 1:5,aus,evening,0.8330326930521595
1347,GEN 1:5,aus,and,3.1692328593453443e-44
1348,GEN 1:5,aus,the,0.04574619240993952
1349,GEN 1:5,aus,morning,2.3775972047277766e-41
1350,GEN 1:5,aus,were,2.3775972047277766e-41
1351,GEN 1:5,aus,the,0.04574619240993952
1352,GEN 1:5,aus,first,3.1692328593453443e-44
1353,GEN 1:5,aus,day,3.1692328593453443e-44
1354,GEN 1:5,abend,and,3.2097216484005193e-41
1355,GEN 1:5,abend,god,3.2097216484005193e-41
1356,GEN 1:5,abend,called,3.2097216484005193e-41
1357,GEN 1:5,abend,the,0.04574617476024338
1358,GEN 1:5,abend,light,3.2097216484005193e-41
1359,GEN 1:5,abend,day,3.2097216484005193e-41
1360,GEN 1:5,abend,and,3.2097216484005193e-41
1361,GEN 1:5,abend,the,0.04574617476024338
1362,GEN 1:5,abend,darkness,3.2097216484005193e-41
1363,GEN 1:5,abend,he,3.2097216484005193e-41
1364,GEN 1:5,abend,called,3.2097216484005193e-41
1365,GEN 1:5,abend,night,3.2097216484005193e-41
1366,GEN 1:5,abend,and,3.2097216484005193e-41
1367,GEN 1:5,abend,the,0.04574617476024338
1368,GEN 1:5,abend,evening,4.182222972309775e-16
1369,GEN 1:5,abend,and,3.2097216484005193e-41
1370,GEN 1:5,abend,the,0.04574617476024338
1371,GEN 1:5,abend,morning,3.2097216484005193e-41
1372,GEN 1:5,abend,were,3.2097216484005193e-41
1373,GEN 1:5,abend,the,0.04574617476024338
1374,GEN 1:5,abend,first,3.2097216484005193e-41
1375,GEN 1:5,abend,day,3.2097216484005193e-41
1376,GEN 1:5,und,and,0.46856703561196517
1377,GEN 1:5,und,god,0.06149595236501601
1378,GEN 1:5,und,called,4.117891700834016e-35
1379,GEN 1:5,und,the,0.14610905196998894
1380,GEN 1:5,und,light,2.9013460455760736e-45
1381,GEN 1:5,und,day,1.2682192144647973e-44
1382,GEN 1:5,und,and,0.46856703561196517
1383,GEN 1:5,und,the,0.14610905196998894
1384,GEN 1:5,und,darkness,0.035054326826131216
1385,GEN 1:5,und,he,2.3775972047277766e-41
1386,GEN 1:5,und,called,4.117891700834016e-35
1387,GEN 1:5,und,night,2.3775972047277766e-41
1388,GEN 1:5,und,and,0.46856703561196517
1389,GEN 1:5,und,the,0.14610905196998894
1390,GEN 1:5,und,evening,2.3775972047277766e-41
1391,GEN 1:5,und,and,0.46856703561196517
1392,GEN 1:5,und,the,0.14610905196998894
1393,GEN 1:5,und,morning,2.3775972047277766e-41
1394,GEN 1:5,und,were,2.3775972047277766e-41
1395,GEN 1:5,und,the,0.14610905196998894
1396,GEN 1:5,und,first,3.0258102895763997e-44
1397,GEN 1:5,und,day,1.2682192144647973e-44
1398,GEN 1:5,morgen,and,1.283345442646782e-44
1399,GEN 1:5,morgen,god,1.283345442646782e-44
1400,GEN 1:5,morgen,called,1.283345442646782e-44
1401,GEN 1:5,morgen,the,0.04574622903481879
1402,GEN 1:5,morgen,light,1.283345442646782e-44
1403,GEN 1:5,morgen,day,1.283345442646782e-44
1404,GEN 1:5,morgen,and,1.283345442646782e-44
1405,GEN 1:5,morgen,the,0.04574622903481879
1406,GEN 1:5,morgen,darkness,1.283345442646782e-44
1407,GEN 1:5,morgen,he,2.3775972047277766e-41
1408,GEN 1:5,morgen,called,1.283345442646782e-44
1409,GEN 1:5,morgen,night,2.3775972047277766e-41
1410,GEN 1:5,morgen,and,1.283345442646782e-44
1411,GEN 1:5,morgen,the,0.04574622903481879
1412,GEN 1:5,morgen,evening,2.3775972047277766e-41
1413,GEN 1:5,morgen,and,1.283345442646782e-44
1414,GEN 1:5,morgen,the,0.04574622903481879
1415,GEN 1:5,morgen,morning,0.34498049464585956
1416,GEN 1:5,morgen,were,0.34498049464585956
1417,GEN 1:5,morgen,the,0.04574622903481879
1418,GEN 1:5,morgen,first,3.0258102895763997e-44
1419,GEN 1:5,morgen,day,1.283345442646782e-44
1420,GEN 1:5,der,and,3.281363220917859e-45
1421,GEN 1:5,der,god,4.967283679763376e-45
1422,GEN 1:5,der,called,1.2801823742297671e-44
1423,GEN 1:5,der,the,0.5841401280850187
1424,GEN 1:5,der,light,3.281363220917859e-45
1425,GEN 1:5,der,day,1.2682192144647973e-44
1426,GEN 1:5,der,and,3.281363220917859e-45
1427,GEN 1:5,der,the,0.5841401280850187
1428,GEN 1:5,der,darkness,1.140359289417608e-44
1429,GEN 1:5,der,he,2.3775972047277766e-41
1430,GEN 1:5,der,called,1.2801823742297671e-44
1431,GEN 1:5,der,night,2.3775972047277766e-41
1432,GEN 1:5,der,and,3.281363220917859e-45
1433,GEN 1:5,der,the,0.5841401280850187
1434,GEN 1:5,der,evening,2.3775972047277766e-41
1435,GEN 1:5,der,and,3.281363220917859e-45
1436,GEN 1:5,der,the,0.5841401280850187
1437,GEN 1:5,der,morning,2.3775972047277766e-41
1438,GEN 1:5,der,were,2.3775972047277766e-41
1439,GEN 1:5,der,the,0.5841401280850187
1440,GEN 1:5,der,first,3.0258102895763997e-44
1441,GEN 1:5,der,day,1.2682192144647973e-44
1442,GEN 1:5,erste,and,3.1093884419981067e-44
1443,GEN 1:5,erste,god,3.1093884419981067e-44
1444,GEN 1:5,erste,called,3.1093884419981067e-44
1445,GEN 1:5,erste,the,3.1093884419981067e-44
1446,GEN 1:5,erste,light,3.1093884419981067e-44
1447,GEN 1:5,erste,day,3.1093884419981067e-44
1448,GEN 1:5,erste,and,3.1093884419981067e-44
1449,GEN 1:5,erste,the,3.1093884419981067e-44
1450,GEN 1:5,erste,darkness,3.1093884419981067e-44
1451,GEN 1:5,erste,he,2.3775972047277766e-41
1452,GEN 1:5,erste,called,3.1093884419981067e-44
1453,GEN 1:5,erste,night,2.3775972047277766e-41
1454,GEN 1:5,erste,and,3.1093884419981067e-44
1455,GEN 1:5,erste,the,3.1093884419981067e-44
1456,GEN 1:5,erste,evening,2.3775972047277766e-41
1457,GEN 1:5,erste,and,3.1093884419981067e-44
1458,GEN 1:5,erste,the,3.1093884419981067e-44
1459,GEN 1:5,erste,morning,2.3775972047277766e-41
1460,GEN 1:5,erste,were,2.3775972047277766e-41
1461,GEN 1:5,erste,the,3.1093884419981067e-44
1462,GEN 1:5,erste,first,0.8358453827944569
1463,GEN 1:5,erste,day,3.1093884419981067e-44
1464,GEN 1:5,tag,and,1.2795131361631106e-44
1465,GEN 1:5,tag,god,1.2795131361631106e-44
1466,GEN 1:5,tag,called,1.2801823742297671e-44
1467,GEN 1:5,tag,the,4.277440231936945e-30
1468,GEN 1:5,tag,light,1.2795131361631106e-44
1469,GEN 1:5,tag,day,0.9257426073880187
1470,GEN 1:5,tag,and,1.2795131361631106e-44
1471,GEN 1:5,tag,the,4.277440231936945e-30
1472,GEN 1:5,tag,darkness,1.2795131361631106e-44
1473,GEN 1:5,tag,he,2.3775972047277766e-41
1474,GEN 1:5,tag,called,1.2801823742297671e-44
1475,GEN 1:5,tag,night,2.3775972047277766e-41
1476,GEN 1:5,tag,and,1.2795131361631106e-44
1477,GEN 1:5,tag,the,4.277440231936945e-30
1478,GEN 1:5,tag,evening,2.3775972047277766e-41
1479,GEN 1:5,tag,and,1.2795131361631106e-44
1480,GEN 1:5,tag,the,4.277440231936945e-30
1481,GEN 1:5,tag,morning,2.3775972047277766e-41
1482,GEN 1:5,tag,were,2.3775972047277766e-41
1483,GEN 1:5,tag,the,4.277440231936945e-30
1484,GEN 1:5,tag,first,3.0258102895763997e-44
1485,GEN 1:5,tag,day,0.9257426073880187
